id,recipeName,rating,totalTimeInSeconds,course,cuisine,ingredients
INDIAN-BUTTER-CHICKEN-1375658,INDIAN BUTTER CHICKEN,4,4200.0,[Main Dishes],[Indian],"[boneless chicken, garam masala, chili powder, salt, garlic cloves, ginger, olive oil, butter, onions, chili pepper, tumeric, coriander powder, cumin seed, tomatoes, water, ketchup, honey, milk, pepper, cilantro]"
Mutton-Chops-Curry-Recipe-How-to-make-mutton-chops-curry-1372004,Mutton Chops Curry Recipe-How to make mutton chops curry,4,4200.0,[Main Dishes],[Indian],"[lamb chops, yoghurt, garlic paste, oil, seeds, cumin seed, green chilies, red chili peppers, onions, cardamom, clove, cinnamon, cilantro leaves, mint leaves, salt]"
Spicy-mixture-_-South-Indian-Trail-mix-_-Diwali-1365655,Spicy mixture ~ South Indian Trail mix | Diwali,4,2400.0,[],[Indian],"[chickpea flour, rice flour, red chili powder, salt, oil, poha, bengal gram, peanuts, curry leaves, asafetida]"
Creamy-Chicken-Tikka-Masala-1375279,Creamy Chicken Tikka Masala,4,10800.0,[Main Dishes],[Indian],"[garlic cloves, fresh ginger, canola oil, boneless chicken skinless thigh, plain yogurt, salt, pepper, unsalted butter, olive oil, serrano peppers, yellow onion, tomato paste, garam masala, paprika, cayenne pepper, water, roma tomatoes, heavy cream, cilantro, honey, rice]"
Tandoori-Turkey-Breast-1363477,Tandoori Turkey Breast,4,6000.0,[Main Dishes],[Indian],"[plain yogurt, lime, garam masala, cumin, coriander seeds, garlic powder, ground ginger, ground cinnamon, salt, tumeric, cayenne pepper, ground black pepper, fennel seeds, ground cloves, ground cardamom, turkey breast]"
Keema-Paratha-Recipe-Stuffed-keema-paratha-1361561,Keema Paratha Recipe-Stuffed keema paratha,4,4500.0,[],[Indian],"[whole wheat flour, ghee, salt, mutton, onions, cumin seed, green chilies, garlic paste, red chili powder, chat masala, cilantro leaves, oil, wheat flour]"
Slow-Cooker-Coconut-Chicken-Tikka-Masala-1362630,Slow-Cooker Coconut Chicken Tikka Masala,3,15900.0,[Main Dishes],[Indian],"[bone in chicken thighs, ground coriander, paprika, salt, ground red pepper, canola oil, coconut milk, onions, garlic, gingerroot, ground cumin, garam masala, ground turmeric, diced tomatoes, whipping cream, chopped cilantro fresh, basmati rice, lime wedges]"
Dahi-Chicken-Curry_-Doi-Murgh-1352177,"Dahi Chicken Curry, Doi Murgh",4,3900.0,[Main Dishes],[Indian],"[chicken, onions, garlic, ginger, red chili peppers, peppercorns, bay leaves, green cardamom pods, clove, cinnamon sticks, red chili powder, salt, kasuri methi, yoghurt, buttermilk, garam masala, oil]"
Homemade-Tikka-Masala-1353535,Homemade Tikka Masala,3,4200.0,[Main Dishes],[Indian],"[boneless skinless chicken breasts, plain yogurt, garlic, fresh ginger, lemon juice, garam masala, salt, pepper, unsalted butter, jalapeno chilies, minced ginger, tomato paste, paprika, diced tomatoes, water, heavy cream, steamed rice, chopped cilantro]"
Butter-Chicken-1370095,Butter Chicken,4,3300.0,[Main Dishes],[Indian],"[onions, butter, vegetable oil, chicken breasts, chillies, ginger, garlic, cooking cream, low-fat yogurt, brown sugar, tomato paste, canned tomatoes, rice, water, cardamom, garam masala, clove, cinnamon, coriander, tumeric]"
Indian-Style-Sheekh-Kabab-1363441,Indian Style Sheekh Kabab,4,3900.0,[Main Dishes],[Barbecue],"[ground lamb, onions, fresh mint, cilantro, ginger paste, chili paste, ground cumin, ground coriander, paprika, cayenne pepper, salt, vegetable oil]"
Grilled-Tandoori-Chicken-1363823,Grilled Tandoori Chicken,4,3000.0,[Main Dishes],[Indian],"[plain yogurt, lemon juice, onions, garlic, ginger, garam masala, paprika, cumin, coriander, pepper, salt, chicken]"
Boneless-Tandoori-Chicken-recipe-in-oven-how-to-make-tandoori-chicken-1358812,Boneless Tandoori Chicken recipe in oven-how to make tandoori chicken,4,6300.0,[Main Dishes],[Indian],"[boneless chicken, yoghurt, garlic paste, red chili powder, garam masala, ground turmeric, coriander powder, chaat masala, gram flour, lemon juice, black salt, olive oil]"
Malpua--Sweet-Indian-Pancakes-1368144,Malpua -Sweet Indian Pancakes,3,1800.0,[Breakfast and Brunch],[Indian],"[whole wheat flour, sugar, milk, curds, fennel seeds, poppy seeds, salt, ground cardamom, almonds, ghee]"
Butter-Chicken-for-the-Slow-Cooker-1376367,Butter Chicken for the Slow Cooker,4,22500.0,[Main Dishes],[Indian],"[butter, vegetable oil, boneless chicken skinless thigh, onions, garlic, curry powder, curry paste, tandoori spices, garam masala, tomato paste, green cardamom pods, coconut milk, yoghurt, salt]"
Easy-Indian-Curry-1372815,Easy Indian Curry,4,300.0,[],[Indian],"[green pepper, small red potato, ginger, yellow onion, jalapeno chilies, mustard seeds, cumin seed, dried chile, salt, red chile powder]"
Indian-Style-Baked-Tofu-1318882,Indian Style Baked Tofu,4,6000.0,,[Indian],"[extra firm tofu, oil, curry powder, red chili powder, ground turmeric, salt, lemon juice, red food coloring]"
Indian-Naan-1308438,Indian Naan,4,3900.0,[],[Indian],"[flour, low-fat plain yogurt, salt, baking powder]"
Hyderabadi-Chicken-Biryani-1356785,Hyderabadi Chicken Biryani,3,1200.0,[Main Dishes],[Indian],"[chicken, garlic, ginger, salt, lemon, yoghurt, tumeric, red chile powder, garam masala, coriander, mint, green chilies, onions, ghee, rice, almonds, bay leaf, clove, cardamom, cumin seed, cinnamon, saffron, water]"
Indian-Appetizer-Cabbage-Pakora-1376601,Indian Appetizer Cabbage Pakora,4,900.0,[Appetizers],[Indian],"[onions, cabbage, salt, tumeric, cumin seed, ground cumin, coriander powder, red chili powder, baking soda, rice flour, besan (flour), oil]"
Kokubs-Mango-Chutney-from-Pakistan-1367655,Kokub’s Mango Chutney from Pakistan,4,3900.0,[],[Asian],"[mango, fresh ginger root, garlic, white sugar, salt, red pepper flakes, cumin seed, black peppercorns, white vinegar, clove, cinnamon sticks, cardamom seeds, cardamom pods]"
Aromatic-Blackeye-Bean-Curry-1373957,Aromatic Blackeye Bean Curry,3,5400.0,[Main Dishes],[Indian],"[black-eyed peas, cumin seed, coriander seeds, fennel seeds, fenugreek seeds, cinnamon, chili flakes, oil, black mustard seeds, fresh curry leaves, onions, garlic, fresh ginger, salt, water, cilantro leaves, coconut]"
Biryani-Inspired-Autumn-Vegetable-Rice-1363801,Biryani-Inspired Autumn Vegetable Rice,4,2700.0,[Side Dishes],[Indian],"[olive oil, basmati rice, raw cashews, golden raisins, cinnamon, cardamom pods, clove, ground turmeric, water, chopped onion, garam masala, salt, garlic, red chili peppers, cauliflower florets, butternut squash, fresh lime, cilantro leaves, purple onion]"
Indian-Spiced-Cauliflower-_-Potatoes-1364818,Indian Spiced Cauliflower & Potatoes,4,3000.0,[Side Dishes],[Indian],"[potatoes, cauliflower, fresh ginger, red pepper flakes, garlic, ground coriander, ground cumin, ground turmeric, salt, vegetable oil, water, fresh cilantro]"
Butter-Chicken_-Murgh-Makhani-1374864,Butter Chicken/ Murgh Makhani,4,3000.0,[],[Indian],"[unsalted butter, green cardamom pods, cinnamon sticks, clove, onions, ginger, green chilies, chili powder, garam masala, tomato purée, double cream, honey, kasuri methi, salt, coriander]"
Murgh-Makhani-Indian-Butter-Chicken-1367547,Murgh Makhani Indian Butter Chicken,4,5100.0,[Main Dishes],[Indian],"[chicken breasts, onions, minced garlic, cashew butter, garlic powder, minced ginger, cumin, clove, cardamom, tumeric, lemon juice, masala, paprika, bay leaves, diced tomatoes, cream, plain yogurt, salt, pepper]"
Easy-Baked-Indian-Samosas-1363448,Easy Baked Indian Samosas,4,5100.0,,[Indian],"[potatoes, oil, onions, coriander seeds, curry powder, fresh ginger, salt, ground turmeric, ground cumin, ground allspice, cayenne pepper, ground cinnamon, plum tomatoes, frozen peas, prepared pie crusts, egg whites]"
Masala-Chai-_Indian-Spiced-Tea_-1308464,Masala Chai (Indian Spiced Tea),4,1800.0,[Beverages],[Indian],"[clove, water, cardamom pods, cinnamon sticks, milk, sugar, black tea leaves]"
Pakistani-Chicken-Biryani-1375129,Pakistani Chicken Biryani,4,6300.0,[Main Dishes],[Indian],"[chicken, basmati rice, oil, potatoes, green chilies, cardamom, clove, cinnamon, shahi jeera, onions, garlic paste, tomatoes, yoghurt, crushed red pepper flakes, salt, mint leaves, cilantro leaves, orange food coloring]"
Erissery-1356424,Erissery,4,2400.0,[],[Indian],"[butternut squash, cowpeas, paprika, cayenne, ground turmeric, salt, coconut, cumin seed, coconut oil, curry leaves, mustard, red chili peppers]"
Tandoori-Chicken-Tikka-1374865,Tandoori Chicken Tikka,4,3000.0,[Main Dishes],[Indian],"[boneless chicken skinless thigh, yoghurt, chickpea flour, garlic, ginger, green chilies, paprika, chili powder, garam masala, coriander powder, ground cinnamon, saffron, salt, butter, chaat masala, lemon, salad, chutney]"
Indian-Cumin-Potatoes-1349563,Indian Cumin Potatoes,4,2400.0,[Side Dishes],[Indian],"[waxy potatoes, salt, water, oil, cumin seed, tumeric, fresh coriander]"
Skinny-chicken-tikka-masala-352197,Skinny Chicken Tikka Masala,5,2700.0,[Main Dishes],[Indian],"[canola oil, onions, fresh ginger, garlic, crushed tomatoes, fat free yogurt, 1% low-fat milk, cumin, garam masala, tumeric, chili powder, salt, boneless chicken breast, fresh cilantro]"
Spiced-Beef-Flatbread-_Khima-Chapati_-1359314,Spiced Beef Flatbread (Khima Chapati),4,3000.0,[Main Dishes],[Indian],"[plain flour, eggs, yoghurt, salt, ghee, minced beef, purple onion, ginger, garlic, chili flakes, dried mint flakes, cumin seed, garam masala, red chili peppers, coriander, pepper]"
Clean-Eating-Indian-Fried-Rice-1344574,Clean Eating Indian Fried Rice,4,1500.0,[],[Indian],"[ground turkey breast, long grain brown rice, curry, oregano, red bell pepper, pepper]"
Naan-_Indian-Leavened-Flatbread_-685449,Naan (Indian Leavened Flatbread),3,3900.0,[Breads],[Indian],"[water, honey, active dry yeast, all-purpose flour, greek yogurt, canola oil, kosher salt, cilantro, ghee]"
Samosa-Or-How-To-Make-Samosa-1363245,Samosa Or How To Make Samosa,3,2400.0,[],"[Indian, Asian]","[plain flour, ghee, seeds, salt, potatoes, green peas, oil, cumin seed, asafoetida, chilli paste, garam masala, amchur, coriander, chutney]"
Easy-Mango-Lassi-510417,Easy Mango Lassi,5,1200.0,[Beverages],[Indian],"[low-fat plain yogurt, mango, raw sugar, hot water, salt, ice cubes]"
Kerala-Style-Chicken-Curry-Recipe-Kerala-chicken-curry-with-coconut-1357907,Kerala Style Chicken Curry Recipe-Kerala chicken curry with coconut,4,4200.0,[Main Dishes],"[Indian, Asian]","[chicken, coconut oil, onions, garlic cloves, ginger, green chilies, coriander, red chili powder, ground turmeric, garam masala, coconut milk, fennel seeds, salt, curry leaves, cilantro leaves]"
Mango-lassi-352090,Mango Lassi,5,300.0,[Beverages],"[Asian, Indian]","[mango, greek yogurt, fat free milk, sugar, ice]"
Red-Lentils-_-Masoor-Dal-1366543,Red Lentils / Masoor Dal,4,4500.0,[Main Dishes],[Indian],"[olive oil, cumin seed, black mustard seeds, onions, garlic, fresh ginger, ground cumin, ground coriander, ground turmeric, paprika, ground red pepper, red lentils, water, crushed tomatoes, salt, black pepper, lemon juice]"
Dal-Baingan-Bharta-_Indian-Eggplant-and-Lentil-Curry_-1367930,Dal Baingan Bharta (Indian Eggplant and Lentil Curry),4,6300.0,[Main Dishes],[Indian],"[red lentils, water, olive oil, garlic, ginger, fenugreek, tumeric, cumin, coriander, salt, lemon juice, eggplant, butter, cumin seed, onions, fire roasted diced tomatoes, red chili peppers]"
Cucumber-_-Mint-Raita-1345525,Cucumber & Mint Raita,4,900.0,,[Indian],"[greek yogurt, cucumber, chopped fresh mint, ground cumin, cracked black pepper, sea salt, cayenne]"
Bangladeshi-Beef-Samosas-1367652,Bangladeshi Beef Samosas,4,5100.0,[Main Dishes],[Indian],"[large potatoes, frozen peas, vegetable oil, cumin seed, bay leaf, onions, ground beef, garlic, fresh ginger root, ground black pepper, salt, ground cumin, ground coriander, ground turmeric, chili powder, ground cinnamon, ground cardamom, chopped cilantro fresh, green chilies, oil, phyllo dough]"
Goan-Meatball-Curry-Recipe---Indian-Beef-Kofta-_Easy-and-Quick_-1373581,Goan Meatball Curry Recipe - Indian Beef Kofta {Easy and Quick},4,1800.0,[Main Dishes],[Indian],"[minced beef, salt, pepper, worcestershire sauce, ground turmeric, garlic paste, white wine vinegar, bread crumbs, eggs, onions, tomatoes, green chilies, olive oil, fresh curry, mustard seeds, red chili powder, coriander seeds, ground cumin, tomato paste, coconut milk, fresh coriander]"
Paneer-tikka-masala-recipe-_-Restaurant-style-paneer-tikka-masala-1359638,Paneer tikka masala recipe | Restaurant style paneer tikka masala,4,7500.0,[Main Dishes],[Indian],"[paneer, green pepper, red pepper, onions, curds, ginger paste, garlic paste, red chili powder, garam masala, chaat masala, kasuri methi, coriander powder, ground turmeric, salt, lemon juice, oil, cumin seed, tomatoes, ground cumin, water, heavy whipping cream]"
Indian-Butter-Chicken-1294569,Indian Butter Chicken,3,2700.0,[Main Dishes],[Indian],"[skinless chicken breasts, tomato paste, heavy cream, garlic, ginger, garam masala, tumeric, fenugreek, salt, cayenne pepper, chili powder]"
Chicken-Biriyani-1369281,Chicken Biriyani,4,7500.0,[Main Dishes],[Indian],"[ghee, clove, cinnamon sticks, cardamom pods, onions, yoghurt, cilantro leaves, fresh mint, ginger, large garlic cloves, tumeric, ground cumin, ground coriander, chili powder, kosher salt, green chilies, diced tomatoes, oil, chickpeas, meat, basmati rice, chicken stock, raisins, cashew nuts, fresh cilantro, sauce, flaked coconut, cilantro, salt, dal, mustard seeds, cumin seed, chili flakes, asafoetida powder, curry leaves]"
Indian-Chai-Oatmeal-1308537,Indian Chai Oatmeal,4,600.0,[Breakfast and Brunch],[Indian],"[tumeric, oatmeal, ground coriander, salt, ground cinnamon, ground cardamom, nutmeg, ground allspice, milk, honey]"
Mango-Lassi-Simply-Recipes-43078,Mango Lassi,5,1200.0,[Beverages],[Indian],"[plain yogurt, milk, mango, sugar, ground cardamom]"
Aloo-Paratha-Recipe-_-How-to-make-Punjabi-Aloo-ka-Paratha-1366769,Aloo Paratha Recipe | How to make Punjabi Aloo ka Paratha,4,3600.0,[],[Indian],"[potatoes, green chilies, ginger, cilantro leaves, salt, garam masala, amchur, red chili powder, ground cumin, atta, oil, water, butter, chutney, yoghurt]"
BREAD-MASALA-CHAAT-1370518,BREAD MASALA CHAAT,4,1500.0,,[Indian],"[white bread, onions, ginger, garlic cloves, green chilies, potatoes, frozen peas, cumin seed, salt, vegetable oil, spices, masala, tomato ketchup, asafoetida, cilantro leaves, chili powder, lemon, ground turmeric, sugar]"
Tomato-and-Cauliflower-Curry-1367962,Tomato and Cauliflower Curry,4,3600.0,[Main Dishes],[Indian],"[cumin seed, coriander seeds, fennel seeds, ghee, yellow onion, sea salt, garlic, ginger, green chilies, ground turmeric, ground cayenne pepper, medium potatoes, diced tomatoes, cauliflower, cilantro leaves, grated nutmeg]"
Aloo-Palak-_Indian-Potatoes-_-Spinach_-1353376,Aloo Palak (Indian Potatoes & Spinach),4,3300.0,[],[Indian],"[garlic, spinach, onions, fresh ginger, waxy potatoes, green chilies, ghee, tumeric, garam masala, cumin seed, ground cumin, ground coriander, salt, cream]"
Lamb-Curry---Meat-Curry-1358157,Lamb Curry - Meat Curry,3,2400.0,[Main Dishes],[Indian],"[lamb shoulder, vegetables, onions, tomatoes, garlic paste, ginger paste, coriander powder, ground cumin, ground turmeric, chili powder, garam masala, salt, coriander]"
Masala-Gosht---Indian-Meat-Curry-1358152,Masala Gosht - Indian Meat Curry,3,3000.0,[Main Dishes],[Indian],"[mutton, coriander, green chilies, lemon juice, vegetables, onions, garlic paste, ginger paste, tomatoes, coriander powder, ground cumin, ground turmeric, chili powder, garam masala, salt]"
Indian-Potato-and-Chickpea-Soup-1338386,Indian Potato and Chickpea Soup,3,1800.0,[Soups],[Indian],"[unsalted butter, mustard seeds, serrano chilies, garlic, onions, ground coriander, tumeric, kosher salt, tomatoes, chickpeas, yukon gold potatoes, water, lime juice, chopped cilantro fresh]"
Lahsooni-Methi-paneer-1341063,Lahsooni Methi paneer,4,2700.0,[],[Indian],"[oil, garlic, onions, ginger, yoghurt, all-purpose flour, coriander powder, chili powder, ground turmeric, garam masala, salt, cream, kasuri methi, paneer, lemon juice, honey, ghee]"
Garam-Masala-Eggplant-Chips-with-Cilantro-Mint-Raita-1356440,Garam Masala Eggplant Chips with Cilantro Mint Raita,4,3300.0,[Appetizers],[Indian],"[japanese eggplants, salt, olive oil, garam masala, plain yogurt, chopped cilantro fresh, chopped fresh mint, ground cumin, pepper]"
Paneer-Korma-Recipe---Indian-Cottage-Cheese-Curry---mughlai-shahi-paneer-1373577,Paneer Korma Recipe - Indian Cottage Cheese Curry - mughlai shahi paneer,4,1200.0,[],[Indian],"[almonds, poppy seeds, onions, tomatoes, oil, ground turmeric, chili powder, ground cumin, coriander powder, ground cinnamon, ground cardamom, green cardamom, bay leaf, black pepper, salt, garlic paste, yoghurt, cream, water, paneer, fresh coriander]"
Adraki-Murg-1374554,Adraki Murg,4,2700.0,[Main Dishes],[Indian],"[mustard oil, clove, black peppercorns, cinnamon, bay leaf, onions, garlic, ginger, green chilies, chicken, yoghurt, all-purpose flour, chili powder, ground turmeric, garam masala, salt, lemon juice, cilantro leaves]"
Aloo-Keema-_Potato-and-Mince-Curry_-1349566,Aloo Keema (Potato and Mince Curry),4,3600.0,[Main Dishes],[Indian],"[onions, beef, gingerroot, garlic, chili powder, coriander powder, ground turmeric, salt, yoghurt, tomatoes, potatoes, garam masala, cilantro leaves, green chilies]"
Easy-Butter-Chicken-Recipe---Murgh-Makhani-1373906,Easy Butter Chicken Recipe - Murgh Makhani,4,1500.0,[Main Dishes],[Indian],"[almonds, chicken, garlic paste, yoghurt, garam masala, chili powder, ground turmeric, chaat masala, masala, orange food coloring, salt, pepper, tomato paste, lime, butter, olive oil, onions, bay leaf, coriander, cream]"
Indian-Raita-1308539,Indian Raita,4,1800.0,,[Indian],"[cucumber, medium tomatoes, fresh mint, cumin seed, scallions, yoghurt]"
Tarka-Dal-574622,Tarka Dal,3,9000.0,,[Indian],"[chana dal, vegetable oil, cumin seed, onions, green chilies, fresh ginger, garlic cloves, tomatoes, ground turmeric, garam masala, ground coriander, ground black pepper, salt, cilantro leaves]"
Home-1373855,Home,3,7200.0,[],[Indian],"[black peppercorns, red chili peppers, clove, cinnamon, coriander seeds, cumin seed, vegetable oil, coconut, onions, yellow mustard seeds, ground turmeric, garam masala, mace, bay leaf, unsweetened coconut milk, baby potatoes, carrots, salt, cauliflower, florets, green beans, red bell pepper, asian eggplants, frozen corn, ear of corn, large tomato, tomato paste, okra, curry leaves, chopped cilantro]"
Indian-Naan-Bread-1308551,Indian Naan Bread,4,3900.0,[Breads],[Indian],"[all-purpose flour, milk, yeast, seeds, salt, sugar, yoghurt, clarified butter]"
Slow-Cooker-Beef-Curry-631497,Slow Cooker Beef Curry,3,3600.0,[Main Dishes],[Indian],"[sunflower oil, braising steak, onions, garlic cloves, chillies, fresh ginger root, ground cumin, ground coriander, ground turmeric, chopped tomatoes, garam masala, yoghurt, coriander]"
Indian-Butter-Chicken-1341511,Indian Butter Chicken,4,1800.0,[Main Dishes],[Indian],"[chicken breasts, yellow onion, minced garlic, ground ginger, garam masala, curry powder, chili powder, salt, tomato paste, coconut milk, flour, cooked rice, peanuts, cilantro]"
Eggplant-Chana-Masala-1354217,Eggplant Chana Masala,4,2400.0,[Main Dishes],[Indian],"[coconut oil, yellow onion, garlic, fresh ginger, eggplant, sea salt, crushed tomatoes, water, chickpeas, lemon juice, fresh coriander, ground cumin, ground cayenne pepper, ground turmeric, ground paprika, garam masala]"
Indian-Cucumber-Raita-1308494,Indian Cucumber Raita,4,1800.0,,[Indian],"[nonfat yogurt, cucumber, green chilies, green onions, chopped cilantro fresh, salt]"
Slow-Cooker-Coconut-Chicken-Tikka-Masala-1363088,Slow-Cooker Coconut Chicken Tikka Masala,3,15900.0,[Main Dishes],[Indian],"[bone in chicken thighs, ground coriander, paprika, salt, ground red pepper, canola oil, coconut milk, onions, garlic, gingerroot, ground cumin, garam masala, ground turmeric, diced tomatoes, whipping cream, chopped cilantro fresh, basmati rice, lime wedges]"
Roomali-Roti-Allrecipes,Roomali Roti,4,4800.0,[Breads],[Indian],"[bread flour, salt, vegetable oil, water]"
Masala-Kaju-In-Air-Fryer-1360209,Masala Kaju In Air Fryer,4,900.0,,[Indian],"[cashew nuts, ghee, coriander powder, red chili powder, garam masala, black pepper, black salt, salt, amchur]"
Cilantro-Chicken-_-Easy-Chicken-Curry-1357526,Cilantro Chicken | Easy Chicken Curry,4,3000.0,[Main Dishes],[Indian],"[chicken, oil, cumin seed, onions, tomatoes, ground turmeric, salt, chopped cilantro, green chilies, clove, ginger]"
Mango-Curry-Tofu-1346900,Mango Curry Tofu,4,3600.0,[Main Dishes],[Indian],"[firm tofu, safflower oil, cayenne, ground cinnamon, garam masala, salt, purple onion, ginger, garlic, water, cumin seed, bay leaves, clove, coconut milk, mango, apple cider vinegar, black pepper, chopped cilantro]"
Aloo-Bonda-Recipe-South-Indian-Style-1373343,Aloo Bonda Recipe South Indian Style,4,1200.0,,[Indian],"[onions, green chilies, garlic paste, potatoes, green peas, bengal gram, seeds, garam masala, red chili powder, ground turmeric, milk, salt, oil]"
Tandoori-Chicken-1233470,Tandoori Chicken,4,6000.0,[Main Dishes],[Indian],"[plain greek yogurt, fresh lemon juice, minced garlic, ground turmeric, ground ginger, ground cumin, sweet paprika, kosher salt, black pepper, cayenne pepper, boneless chicken skinless thigh, olive oil spray, chopped cilantro fresh]"
Tandoori-Rack-of-Lamb-1321435,Tandoori Rack of Lamb,3,1320.0,[Main Dishes],[Indian],"[rack of lamb, brown sugar, sea salt, tumeric, curry powder, cumin, coriander, dry mustard, ground ginger, black pepper]"
Shahi-Paneer-633113,Shahi Paneer,3,3600.0,,[Indian],"[paneer, oil, onions, tomatoes, chili powder, coriander powder, salt, butter, cream, methi, garam masala, green cardamom]"
Indian-Spiced-Mushrooms-and-Lentils-1040796,Indian-Spiced Mushrooms and Lentils,4,2400.0,,[Indian],"[red lentils, water, garam masala, coconut oil, button mushrooms, diced tomatoes, purple onion, baby spinach]"
Sabut-Masoor-Ki-Daal---Lentil-Soup-1357281,Sabut Masoor Ki Daal - Lentil Soup,4,4500.0,[Soups],[Indian],"[lentils, oil, cumin seed, black mustard seeds, asafetida, garlic, ginger, green chilies, onions, tumeric, garam masala, coriander powder, cayenne, large tomato, salt, water, cilantro]"
Malai-Kofta-1348631,Malai Kofta,4,3000.0,[],[Indian],"[ghee, nuts, mashed potatoes, paneer, chili powder, coriander powder, garam masala, corn flour, salt, cilantro leaves, oil, onions, clove, ginger, tomatoes, bay leaf, cinnamon, cardamom, jeera, methi, cream]"
Tarka-Dall-1351200,Tarka Dall,4,4500.0,[],[Indian],"[dried split peas, chicken stock, water, vegetable oil, butter, ground cumin, onions, fresh ginger, garlic cloves, tomatoes, tumeric, garam masala, ground coriander, pepper, salt, chopped cilantro fresh]"
Indian-Golden-Basmati-Rice-1308514,Indian Golden Basmati Rice,4,1800.0,[Side Dishes],[Indian],"[water, brown basmati rice, tumeric, cumin seed, onions, clove, salt]"
Healthy-Palak-Paneer-Kofta-Curry-1351666,Healthy Palak Paneer Kofta Curry,3,4200.0,[Main Dishes],[Indian],"[paneer, chopped green chilies, fresh coriander, red chili powder, coriander powder, garam masala, instant oats, salt, olive oil, onions, green chilies, ginger, clove, cashew nuts, tomatoes, spinach, cinnamon, cardamom, bay leaf, water, ice cubes, ghee, asafoetida, cumin seed, dried red chile peppers]"
The-Best-Chicken-Tikka-Masala-Serious-Eats-290481,The Best Chicken Tikka Masala,5,4800.0,[Main Dishes],"[Barbecue, Indian]","[chicken pieces, ground cumin, paprika, ground coriander, ground turmeric, cayenne pepper, garlic, fresh ginger, yoghurt, juice, kosher salt, butter, onions, whole peeled tomatoes, cilantro leaves, heavy cream]"
Lamb-Rogan-Josh-636418,Lamb Rogan Josh,3,3900.0,[Main Dishes],[Indian],"[boneless lamb, vegetable oil, black cardamom pods, green cardamom pods, clove, bay leaves, cinnamon sticks, onions, ginger paste, chili powder, ground coriander, tumeric, tomatoes, yoghurt, salt, garam masala, coriander]"
MUSHROOM-BUTTER-MASALA-1314650,MUSHROOM BUTTER MASALA,4,1800.0,,[Indian],"[mushrooms, garlic cloves, green chilies, ginger, onions, tomatoes, cashew nuts, red chile powder, garam masala, ground turmeric, milk, butter, vegetable oil, kasuri methi, salt, cilantro leaves]"
Mauritian-Vegan-Briyani-with-Okra-and-Soya-Chunks-_Textured-Vegetable-Protein_-1374723,Mauritian Vegan Briyani with Okra and Soya Chunks (Textured Vegetable Protein),4,6300.0,[Main Dishes],"[Indian, Asian]","[okra, onions, potatoes, carrots, soya chunks, fresh coriander, fresh mint, frozen peas, basmati rice, cinnamon sticks, cardamom pods, water, coconut milk, tamarind paste, cumin, soy sauce, garlic paste, garam masala, coriander seeds, green chilies, ground tumeric, oil, salt]"
Indian-Cauliflower-and-Potato-Soup-_Aloo-Gobi_-1355120,Indian Cauliflower and Potato Soup (Aloo Gobi),3,26700.0,[Soups],[Indian],"[mashed potatoes, cauliflower florets, chopped onion, chile pepper, fresh ginger, garlic, salt, ground cumin, ground turmeric, paprika, reduced sodium chicken broth, plain greek yogurt, fresh cilantro, jalapeno chilies]"
Avarakkai-Kuzhambu_-Avarakkai-Paruppu-Curry_-Broad-Beans-Curry-1366714,"Avarakkai Kuzhambu, Avarakkai Paruppu Curry, Broad Beans Curry",4,3000.0,[Main Dishes],[Indian],"[broad beans, toor dal, tamarind, oil, mustard seeds, jaggery, curry leaves, cilantro leaves, sesame, black pepper, coriander seeds, cumin seed, tomatoes, green chilies, tumeric, salt, shredded coconut]"
Mint-and-Pomegranate-Raita-1352698,Mint and Pomegranate Raita,4,1200.0,[],[Indian],"[greek yogurt, pomegranate, salt, sugar, cumin seed, mint leaves, amchur]"
Mint-Chutney-Recipe-_-Pudina-Pachadi-1362618,Mint Chutney Recipe | Pudina Pachadi,4,600.0,,[Indian],"[mint leaves, tamarind paste, dried red chile peppers, urad dal, chana dal, cumin seed, garlic, salt, mustard seeds, curry leaves, oil]"
Kerala-Mutton_Lamb-Roast-1362773,Kerala Mutton/Lamb Roast,4,3600.0,[Main Dishes],[Indian],"[lamb, onions, tomatoes, garlic cloves, ginger, curry leaves, leaves, chili powder, coriander powder, ground turmeric, garam masala, oil, peppercorns, cumin seed, cardamom pods]"
Channa-Pulao-Chana-Rice-1310051,Channa Pulao-Chana Rice,4,1800.0,,[Indian],"[masala, cooked rice, oil, jeera, cinnamon sticks, cardamom]"
Kadai-Chicken-1374855,Kadai Chicken,4,2700.0,[Main Dishes],[Indian],"[chicken, lemon juice, onions, green chilies, bell pepper, tomatoes, ginger, garlic, oil, cumin seed, clove, cinnamon, ground cumin, ground turmeric, chili powder, coriander powder, garam masala, kasuri methi, salt, cilantro]"
Mutton-Do-Pyaza-1363772,Mutton Do Pyaza,4,1050.0,[Main Dishes],[Indian],"[mutton, yoghurt, chili garlic paste, ginger paste, onions, mustard oil, salt, ground turmeric, papaya, oil, brown cardamom, green cardamom, cinnamon, clove, green chilies, sugar, freshly ground black pepper, fresh ginger, garlic, methi, coriander powder, tumeric, red chili powder, water, garam masala, kewra water]"
Tomato-Peanut-Chutney-1362835,Tomato Peanut Chutney,3,1500.0,[Condiments and Sauces],[Indian],"[roasted peanuts, tomatoes, green chilies, red chili peppers, cumin seed, urad dal, mustard seeds, clove, curry leaves, salt, oil]"
Indian-Mini-Garlic-Naan-1337936,Indian Mini Garlic Naan,4,5100.0,"[Breads, Appetizers]",[Indian],"[sugar, dry yeast, flour, warm water, ghee, salt, garlic cloves, plain yogurt, fresh coriander, chopped parsley]"
Tandoori-Chicken-Simply-Recipes-42542,Tandoori Chicken,5,5100.0,[Main Dishes],[Indian],"[vegetable oil, ground coriander, ground cumin, ground turmeric, cayenne, garam masala, paprika, plain yogurt, lemon juice, garlic cloves, fresh ginger, salt, chicken legs]"
Indian-Lentil-Soup-1295783,Indian Lentil Soup,4,4200.0,[Soups],[Indian],"[extra-virgin olive oil, yellow onion, garlic, fresh ginger, curry powder, ground turmeric, ground chile, medium potatoes, carrots, yellow lentils, vegetable stock, sea salt, tomatoes]"
Paneer-Kofta-Curry-1357398,Paneer Kofta Curry,4,4200.0,[Main Dishes],[Indian],"[paneer, potatoes, corn flour, ground turmeric, red chili powder, garam masala, ginger, salt, onions, almonds, cashew nuts, melon seeds, golden raisins, green cardamom, clove, green chilies, cinnamon, coriander powder, ground cumin, kasuri methi, fenugreek seeds, yoghurt, cream]"
Plain-Indian-Raita-1308579,Plain Indian Raita,4,900.0,,[Indian],"[cumin seed, yoghurt, black pepper, salt, cilantro leaves]"
Chana-masala-305527,Chana Masala,5,1800.0,[Main Dishes],[Indian],"[vegetable oil, onions, garlic, fresh ginger, green chilies, ground coriander, ground cumin, ground cayenne pepper, ground turmeric, cumin seed, amchur, paprika, garam masala, tomatoes, water, chickpeas, salt, lemon juice]"
Pastor-Ryans-Chicken-Tikka-Masala-1289598,Pastor Ryan’s Chicken Tikka Masala,4,3000.0,[Main Dishes],[Indian],"[chicken breasts, kosher salt, ground coriander, cumin, plain yogurt, butter, onions, garlic, fresh ginger, garam masala, diced tomatoes, sugar, heavy cream, basmati rice, fresh cilantro, chili pepper, tumeric, frozen peas]"
Indian-Beef-Curry-1360055,Indian Beef Curry,4,4500.0,[Main Dishes],[Indian],"[coriander seeds, cumin seed, fennel seeds, cayenne pepper, smoked paprika, black peppercorns, beef, garlic cloves, ginger, yellow onion, olive oil, cinnamon sticks, black cardamom pods, fenugreek seeds, fresh curry leaves, stock, coconut cream, lemon, fresh coriander]"
Chana-Masala-Waffles-with-Samosa-Potatoes-and-Cilantro-Mint-Chutney-1368231,Chana Masala Waffles with Samosa Potatoes and Cilantro Mint Chutney,4,2700.0,[],[Indian],"[chickpea flour, yeast, baking powder, coconut sugar, mixed spice, cumin seed, ground cumin, smoked paprika, ground coriander, tumeric, black salt, baking soda, pepper, garlic, ginger, tomato paste, milk, eggs, canola oil, olive oil, potatoes, purple onion, red bell pepper, green peas, carrots, vegetable broth, mustard seeds, curry powder, cumin, ground ginger, paprika, ground cardamom, cayenne pepper, salt]"
Hyderabadi-Dum-ka-Murgh-1347649,Hyderabadi Dum ka Murgh,3,1200.0,[Main Dishes],[Indian],"[chicken, ginger, garlic, onions, yoghurt, tomatoes, green chile, coriander, mint, almonds, cashew nuts, seeds, cardamom, clove, cinnamon, peppercorns, coriander powder, ground cumin, tumeric, red chile powder, saffron, salt, ghee, whole wheat flour]"
Indian-Kadai-Chicken-1308454,Indian Kadai Chicken,4,3900.0,[Main Dishes],"[Indian, Asian]","[oil, chicken, tomatoes, onions, ginger paste, cilantro leaves, garam masala, garlic paste, red chili peppers, bay leaves, red chili powder, coriander seeds, salt]"
Chickpea-flour-Snack-Cakes---Khaman-Dhokla-1369631,Chickpea flour Snack Cakes - Khaman Dhokla,4,2400.0,,[Indian],"[chickpea flour, salt, baking soda, baking powder, tumeric, ginger, green chilies, non dairy yogurt, lemon juice, water, oil, sesame seeds, canola oil, mustard seeds, asafetida, curry leaves, sugar, coconut flakes, cilantro]"
Indian-Kheer-1308531,Indian Kheer,4,3300.0,[],[Indian],"[sweetened condensed milk, basmati rice, ground cardamom, milk, pistachios]"
Punjabi-Kardhi-Pakora-1358877,Punjabi Kardhi Pakora,4,4500.0,[Main Dishes],[Indian],"[yoghurt, water, chili powder, ground turmeric, garam masala, salt, gram flour, onions, oil, ginger paste, garlic paste, fenugreek seeds, green chilies, dried red chile peppers, cumin seed, curry leaves]"
Tawa-Pulao-1353995,Tawa Pulao,4,1500.0,[],[Indian],"[basmati rice, cumin seed, onions, garlic paste, green chilies, carrots, large tomato, green peas, masala, ground turmeric, chili powder, cilantro leaves, salt, oil, lemon slices]"
Chicken-Tikka-Masala-1359768,Chicken Tikka Masala,4,3900.0,[Main Dishes],[Indian],"[tomato purée, plain yogurt, white onion, extra-virgin olive oil, fresh ginger, garlic, garam masala, salt, ground cumin, paprika, black pepper, cayenne pepper, ground cinnamon, boneless chicken skinless thigh, jalapeno chilies, seeds, bay leaf, corn starch, heavy cream, basmati rice]"
Indian-Style-Lamb-Shanks-901513,Indian-Style Lamb Shanks,3,21600.0,[Main Dishes],[Indian],"[garam masala, sugar, salt, pepper, lamb shanks, vegetable oil, crushed tomatoes, mango chutney, water, garlic]"
Roti-Bread-From-India-Allrecipes,Roti Bread from India,4,2700.0,[Breads],[Indian],"[durum wheat flour, salt, water, vegetable oil]"
Indian-Fudge-1258646,Indian Fudge,3,2400.0,[Desserts],[Indian],"[butter, dry milk powder, ground cardamom, cashew nuts, pistachios, sweetened condensed milk]"
Indian-Yellow-Split-Pea-Dal-1308507,Indian Yellow Split Pea Dal,4,3300.0,,[Indian],"[butter, garlic cloves, yellow split peas, water, tumeric, cinnamon, cumin seed, mustard seeds, black pepper, crushed red pepper flakes, salt]"
Easy-_-Amazing-Vegan-Indian-Samosas-1207985,Easy & Amazing Vegan Indian Samosas,3,2400.0,,[Indian],"[all-purpose flour, vegetable oil, potatoes, cilantro, onions, green chilies, oil, tumeric, red chili powder, crushed garlic, ginger, salt]"
Middle-eastern-spicy-ground-beef-with-baharat-seasoning_-mint_-and-cilantro-309261,"Middle Eastern Spicy Ground Beef with Baharat Seasoning, Mint, and Cilantro",5,3900.0,[Main Dishes],[Indian],"[ground coriander, ground cumin, ground cardamom, ground caraway, ground turmeric, vegetable oil, minced onion, minced garlic, ginger root, extra lean ground beef, tomatoes, seasoning, chopped cilantro fresh, chopped fresh mint, quinoa, rice, couscous, fat free greek yogurt]"
Lemon-Rice-1339026,Lemon Rice,3,3600.0,[],"[Indian, Asian]","[vegetable oil, mustard seeds, fenugreek seeds, chana dal, black gram, red chili peppers, fresh ginger, ground turmeric, roasted peanuts, curry leaves, salt, lemon juice, basmati rice]"
Goan-Curried-Braised-Beef-With-Coconut-Milk_-Vinegar-and-Potatoes-1362451,"Goan Curried Braised Beef With Coconut Milk, Vinegar and Potatoes",4,6300.0,[Main Dishes],[Indian],"[chuck, paprika, cayenne pepper, ground turmeric, potatoes, vegetable oil, purple onion, cardamom, bay leaves, cinnamon sticks, ground cumin, ground coriander, coconut milk, diced tomatoes, cider vinegar, salt, chopped cilantro, shredded carrots, bell pepper, cashew nuts, plain yogurt, ghee, mustard seeds]"
Chickpea-Curry-with-Quinoa-1313740,Chickpea Curry with Quinoa,4,3000.0,[Main Dishes],[Indian],"[coconut oil, onions, garlic, fresh ginger, tumeric, coriander, cumin, cardamom, tomatoes, carrots, chickpeas, water, coconut milk, sea salt, cilantro leaves, quinoa]"
Indian-Mango-Mania-Lassi-1308535,Indian Mango Mania Lassi,4,600.0,[Beverages],[Indian],"[low-fat yogurt, mango, sugar, cold water, crushed ice]"
Red-Lentils-and-Spinach-in-Masala-Sauce-1343403,Red Lentils and Spinach in Masala Sauce,4,3000.0,[],[Indian],"[masala, cumin seed, coriander seeds, ginger, red pepper flakes, smoked paprika, marsala wine, salt, peanut oil, tomato paste, cilantro leaves, lentils, coconut oil, purple onion, garlic, stewed tomatoes, coconut milk, red lentils, spinach]"
Panchratani-Daal_-Five-Lentils-Medley-1353354,"Panchratani Daal, Five-Lentils Medley",4,4800.0,[Main Dishes],[Indian],"[lentils, daal, bengal gram, mung beans, pigeon peas, black beans, masala, onions, garlic, ginger, tumeric, chili powder, clove, cinnamon, seeds, salt, tomatoes, green chilies, coriander, olive oil, cumin seed, red chili peppers]"
MAKKAN-PEDA---A-DELICIOUS-DIWALI-SWEETS-1335282,MAKKAN PEDA - A DELICIOUS DIWALI SWEETS,3,4800.0,[Desserts],[Indian],"[milk, all-purpose flour, baking soda, yoghurt, sugar, water, cardamom, almonds, cashew nuts, pistachio nuts, ghee, oil]"
Kichadi-1362478,Kichadi,3,5400.0,[Main Dishes],[Indian],"[water, brown basmati rice, red lentils, ground cumin, ground coriander, red pepper flakes, ground turmeric, cardamom seeds, ground cloves, yellow onion, minced garlic, minced ginger, yukon gold potatoes, yams, celery, green peas, curly kale, walnuts]"
Curried-Red-Lentil-Sweet-Potato-Stew-1361140,Curried Red Lentil Sweet Potato Stew,4,4200.0,[Main Dishes],[Indian],"[coconut oil, yellow onion, carrots, garlic cloves, fresh ginger, sweet potatoes, curry powder, ground cardamom, red lentils, vegetable broth, green beans, frozen peas, baby spinach, lime, lemon, red pepper flakes, fresh cilantro, greek yogurt, extra-virgin olive oil, fresh lemon juice, freshly ground black pepper, sea salt]"
Green-Coconut-Fish-Curry-1348330,Green Coconut Fish Curry,3,3600.0,[Main Dishes],"[Indian, Asian]","[vegetable oil, brown mustard seeds, clove, green cardamom pods, cinnamon sticks, onions, fresh ginger, large garlic cloves, ground coriander, coconut milk, green chilies, salt, water, curry leaves, ground black pepper, garam masala, salmon, lemon juice, cilantro leaves]"
Warm-Spiced-Beef-Curry-with-Rice-627673,Warm Spiced Beef Curry with Rice,3,12600.0,[Main Dishes],[Indian],"[stewing beef, vegetable oil, onions, clove, large garlic cloves, cinnamon sticks, bay leaf, crushed red pepper, coconut milk, tomatoes with juice, chutney, fresh lemon juice, peeled fresh ginger, mild curry powder, salt, cooked rice]"
Indian-Rogan-Josh-1308486,Indian Rogan Josh,4,5400.0,[Main Dishes],"[Indian, Asian]","[garlic, ginger, vegetable oil, beef broth, black cardamom pods, lamb, clove, bay leaves, cinnamon sticks, peppercorns, coriander, onions, paprika, cumin, salt, cayenne pepper, garam masala, plain yogurt, black pepper]"
Indian-Masala-Chai-1308522,Indian Masala Chai,4,1500.0,[Beverages],[Indian],"[cinnamon sticks, water, clove, cardamom pods, milk, granulated sugar, ground ginger, ground black pepper, black tea]"
Weeknight-Tikka-Masala-622193,Weeknight Tikka Masala,3,1200.0,[Main Dishes],[Indian],"[oil, onions, garlic, chicken pieces, smoked paprika, garam masala, ground cumin, chili powder, chopped tomatoes, cream, salt, black pepper, fresh coriander, rice]"
Achari-Gobhi-1228150,Achari Gobhi,4,1800.0,,[Indian],"[cauliflower, onions, fenugreek seeds, mustard seeds, cumin seed, nigella seeds, fennel seeds, asafoetida, ground cumin, coriander powder, ground turmeric, red chili powder, green chilies, garlic paste, yoghurt, salt, mustard oil, cilantro leaves]"
Indian-Cauliflower-Curry-1308490,Indian Cauliflower Curry,4,3600.0,,[Indian],"[cauliflower, ginger purée, red chili powder, green chilies, ground turmeric, ground cumin, chopped cilantro, garam masala, ground coriander, salt, lemon juice]"
Beef-Masala-Curry-1181655,Beef Masala Curry,4,2400.0,[Main Dishes],[Indian],"[stewing beef, onions, garlic cloves, crushed tomatoes, fresh cilantro, salt, ground black pepper, tumeric, garam masala, cumin, coriander, cayenne pepper, smoked paprika, lemon zest, brown sugar, oil, beef stock]"
Crispy-Indian-Okra-1271038,Crispy Indian Okra,4,1800.0,[Side Dishes],[Indian],"[baby okra, ghee, cumin seed, onions, chiles, ginger, garlic, ground turmeric, salt]"
Best-Ever-Bombay-Potatoes-1278313,Best Ever Bombay Potatoes,3,2700.0,[Side Dishes],[Indian],"[salt, large potatoes, ginger root, garlic cloves, tomatoes, vegetable oil, cumin seed, mustard seeds, onions, tumeric, ground coriander, ground cumin, garam masala, chili powder, cilantro leaves]"
Indian-Lamb-Curry-1308545,Indian Lamb Curry,4,4200.0,[Main Dishes],[Indian],"[oil, lamb shoulder, garlic cloves, onions, curry powder, fresh ginger, vinegar, salt, red chili peppers, tomatoes, garam masala, chopped fresh mint, fresh coriander]"
Palak-Chole-_Indian-Spinach-and-Chickpea-Curry_-_Vegan_-Gluten-Free_-1335077,"Palak Chole (Indian Spinach and Chickpea Curry) [Vegan, Gluten-Free]",3,4800.0,[Main Dishes],[Indian],"[onions, green chilies, garlic cloves, ginger, oil, cumin seed, cardamom pods, bay leaf, chopped tomatoes, coriander, garam masala, tumeric, cinnamon, spinach, chickpeas, water]"
Spicy-Tandoori-Chicken_-Indian-Mexican-Fusion-1309334,"Spicy Tandoori Chicken, Indian Mexican Fusion",4,1800.0,[Main Dishes],[Indian],"[chicken drumsticks, yoghurt, El Yucateco Hot Sauce, lemon, Mexican oregano, cilantro, ground cumin, coriander powder, clove, ground turmeric, ground cinnamon, onions, minced garlic, salt, pepper, nutmeg, garlic, fenugreek leaves]"
Tandoori-Fish-575881,Tandoori Fish,3,3900.0,[Main Dishes],[Indian],"[fish fillets, plain yogurt, tomato purée, tandoori spices, garlic, ginger, food colouring, green chilies, oil, salt]"
Tamarind-rice_Puliyodharai_Pulihora-1370957,Tamarind rice/Puliyodharai/Pulihora,4,4200.0,,[Indian],"[oil, red chili peppers, bengal gram, black gram, fenugreek seeds, coriander seeds, asafoetida, curry leaves, tamarind juice, green chilies, tumeric, salt, sugar, spices, mustard seeds, cashew nuts, peanuts, cooked rice, tamarind paste]"
Indian-Dhal-_Lentil-Puree_-1308505,Indian Dhal (Lentil Puree),4,3300.0,[],[Indian],"[ghee, red lentils, garlic, onions, ground turmeric, gingerroot, salt, water]"
Curried-Rice-With-Shrimp-My-Recipes,Curried Rice with Shrimp,4,2700.0,[Main Dishes],[Indian],"[olive oil, onions, carrots, garlic, curry powder, long grain white rice, kosher salt, pepper, large shrimp, fresh basil]"
Curried-sauteed-cauliflower-309321,Curried Sauteed Cauliflower,5,1200.0,[Side Dishes],[Indian],"[cauliflower, peanut oil, cumin seed, purple onion, curry, salt, pepper, fresh cilantro, fresh lime]"
Katsu-Curry-Noodle-Soup-1361555,Katsu Curry Noodle Soup,4,3300.0,[Soups],[Asian],"[medium curry powder, paprika, tumeric, hot chili powder, salt, ground coriander, ground cumin, fenugreek, mixed spice, onions, garlic cloves, vegetable oil, white sugar, carrots, all-purpose flour, curry powder, garam masala, honey, bay leaf, soy sauce, stock, plain flour, edamame beans, prawns, udon]"
Indian-Fruit-Lassi-1308530,Indian Fruit Lassi,4,600.0,[],[Indian],"[ice water, whole milk yoghurt, ground cardamom, cold milk, mango, rose water, toasted slivered almonds]"
Paneer-Butter-Masala-No-Onion-No-Garlic-Version-1352336,Paneer Butter Masala – No Onion No Garlic Version,4,3300.0,[],[Indian],"[paneer, tomatoes, green chilies, ginger, cashew nuts, milk, cinnamon, clove, bay leaf, red chili powder, ground turmeric, garam masala, kasuri methi, salt, oil]"
Chicken-Biryani-1277765,Chicken Biryani,4,3300.0,[Main Dishes],[Indian],"[long-grain rice, water, salt, chicken, onions, yoghurt, ginger paste, garlic paste, Biryani Masala, red chili powder, tomatoes, green chilies, mint leaves, ghee, yellow food coloring, ground cardamom, nutmeg, cardamom, clove, pepper, lemon juice, kewra water]"
Indian-Butter-Chicken-1305353,Indian Butter Chicken,4,4200.0,[Main Dishes],[Indian],"[plum tomatoes, butter, oil, bone in chicken thighs, ground ginger, ground cinnamon, curry powder, brown sugar, salt, plain yogurt, lemon juice]"
Indian-Shrimp-Vindaloo-1308533,Indian Shrimp Vindaloo,4,2700.0,[Main Dishes],[Indian],"[salt, ground turmeric, red pepper flakes, ground black pepper, ground cumin, ground coriander, ground cinnamon, dry mustard, ground cloves, ground ginger, cider vinegar, ground cardamom, onions, vegetable oil, tomatoes, garlic, fresh lemon juice, shrimp, cooked rice]"
Paneer-Tikka-Masala-1244013,Paneer Tikka Masala,3,4800.0,,[Indian],"[paneer, curds, ginger, garlic, coriander powder, garam masala, ground paprika, chili powder, salt, onions, tomatoes, cumin seed, cinnamon sticks, garlic cloves, curry powder, sugar, cream, cilantro leaves, water]"
Indian-Spiced-Potato-Wedges-With-Coriander-Lime-Yogurt-981679,Indian Spiced Potato Wedges With Coriander Lime Yogurt,4,2700.0,,[Indian],"[potatoes, oil, hot chili powder, ground cumin, ground coriander, ground turmeric, garam masala, salt, black pepper, greek yogurt, lime, fresh coriander]"
Hotel-Saravana-Bhavan-Vegetable-Kurma-1360348,Hotel Saravana Bhavan Vegetable Kurma,4,3900.0,[],[Indian],"[cashew nuts, water, white poppy seeds, grated coconut, potatoes, beans, carrots, green peas, chowchow, salt, ground turmeric, bay leaf, cardamom, clove, cinnamon, green chilies, chili powder, coriander powder, vegetable oil, ghee, onions, garlic paste, tomatoes, curds, milk, garam masala, cilantro leaves]"
Pumpkin-Masala-1273088,Pumpkin Masala,3,2700.0,,[Indian],"[pumpkin, onions, ginger, crushed garlic, jalapeno chilies, tomatoes, ground coriander, ground cumin, garam masala, tumeric, red chili powder, water, salt, oil]"
Eggplant-Curry-1316455,Eggplant Curry,4,4200.0,[Main Dishes],[Indian],"[eggplant, ghee, onions, fresh ginger, garlic, fennel seeds, cumin seed, ground coriander, ground turmeric, chili powder, cayenne, sea salt, chopped tomatoes, fresh coriander, unsalted butter]"
Basmati-Rice-Epicurious,Basmati Rice,5,2400.0,[Side Dishes],[Indian],"[basmati rice, unsalted butter, water, salt]"
Kerala-style-Fish-Molee_Moly-1340928,Kerala style Fish Molee/Moly,4,3900.0,[],[Indian],"[fish, vinegar, lemon juice, pepper, ground turmeric, salt, onions, ginger, chopped garlic, green chilies, cardamom, clove, cinnamon, garam masala, coconut milk, curry leaves, oil, large tomato]"
Felicity-Cloakes-perfect-chana-masala-1313784,Felicity Cloake’s perfect chana masala,3,2700.0,[],[Indian],"[chickpeas, vegetable oil, cumin seed, onions, garlic cloves, ginger root, fresh coriander, green chilies, ground coriander, chili powder, ground turmeric, plum tomatoes, fine salt, garam masala, lemon juice]"
Indian-Shrimps-with-Okra-1356655,Indian Shrimps with Okra,4,4200.0,,[Indian],"[shrimp, lemon juice, salt, okra, onions, vegetable oil, green chilies, seeds, garlic, chili powder, garam masala, ground cumin, coriander powder, ground turmeric, black pepper, chopped cilantro]"
Chicken-Tikka-Masala-986613,Chicken Tikka Masala,4,2700.0,[Main Dishes],[Indian],"[boneless skinless chicken breasts, onions, garlic, fresh ginger, tomato purée, ground turmeric, ground cumin, garam masala, cayenne pepper, yoghurt, salt, oil, cilantro]"
Pakistani-Style-Chanay-Ka-Pulao-_Chickpeas-_-Garbanzo-Beans-Pilaf_-1349561,Pakistani Style Chanay Ka Pulao (Chickpeas / Garbanzo Beans Pilaf),4,1200.0,,[Indian],"[basmati rice, chickpeas, garbanzo beans, oil, onions, cumin seed, garlic paste, salt, red chili powder, black cardamom pods, clove, cinnamon sticks, yoghurt, anise seed, garam masala, water]"
30-Minute-Vegan-Chana-Masala-1362095,30-Minute Vegan Chana Masala,4,2100.0,[Main Dishes],[Indian],"[ground cumin, paprika, ground turmeric, ground coriander, garam masala, cayenne pepper, coconut oil, yellow onion, jalapeno chilies, garlic, ginger, whole peeled tomatoes, chickpeas, salt, lemon, fresh cilantro, greek yogurt]"
Chicken-Chettinad-a-chicken-dish-from-Tamil-Nadu-1326760,Chicken Chettinad – a chicken dish from Tamil Nadu,3,1800.0,[Main Dishes],[Indian],"[chicken, curry leaf, onions, tomatoes, red chili powder, tumeric, poppy seeds, coriander seeds, fennel seeds, cumin seed, cinnamon, cardamom, whole cloves, dried red chile peppers, peppercorns, ginger, garlic, coconut, lemon juice, oil, salt]"
Spicy-Indian-Grilled-Chicken-1308508,Spicy Indian Grilled Chicken,4,3300.0,[Main Dishes],[Indian],"[paprika, black pepper, garam masala, cayenne pepper, oregano, ground cumin, garlic cloves, salt, lemon juice, vegetable oil, chicken pieces, yoghurt]"
Indian-Basmati-Rice-Seasoned-with-Garam-Masala-1308569,Indian Basmati Rice Seasoned with Garam Masala,4,3000.0,[Side Dishes],[Indian],"[onions, garlic, basmati rice, butter, salt, vegetable broth, garam masala]"
Indian-spiced-cauliflower-and-potato-351907,Indian Spiced Cauliflower and Potato,5,2100.0,[Side Dishes],[Indian],"[cauliflower, potatoes, onions, butter, salt, garam masala, coriander, tumeric, chili powder]"
Tandoori-Chicken-Kebabs-1317011,Tandoori Chicken Kebabs,4,1500.0,[Main Dishes],[Indian],"[chicken tenderloin, sweet onion, lemon, minced garlic, olive oil, paprika, tumeric, garam masala, coriander, cayenne pepper, salt, 2% lowfat greek yogurt, fresh cilantro]"
High-Chai-1184434,High Chai,3,2100.0,[Beverages],[Indian],"[garam masala, cinnamon, cardamom pods, clove, ginger, water]"
Crock-Pot-Butter-Chicken-1313790,Crock Pot Butter Chicken,4,15600.0,[Main Dishes],[Indian],"[butter, vegetable oil, onions, chicken breasts, garlic, ginger, salt, garam masala, curry powder, paprika, cinnamon, chicken stock, chopped tomatoes, tomato purée, sugar, cardamom pods, heavy cream, coriander]"
Lentil-and-Chick-Pea-Curry-with-Coconut-Milk-1335299,Lentil and Chick Pea Curry with Coconut Milk,4,3900.0,[Main Dishes],[Indian],"[canola oil, onions, garlic, fresh ginger, carrots, curry paste, cayenne pepper, ground cumin, ground coriander, salt, crushed tomatoes, coconut milk, green lentil, chickpeas, honey, cauliflower florets, frozen peas, stock, cilantro, hot sauce, plain yogurt]"
Samosa-Mashed-Potatoes-1357717,Samosa Mashed Potatoes,4,1800.0,[Side Dishes],[Indian],"[ghee, cumin seed, mustard seeds, purple onion, russet potatoes, garlic, jalapeno chilies, carrots, garam masala, mild curry powder, salt, ground ginger, white pepper, frozen peas, heavy cream, cilantro]"
Dahi-Vada-1365722,Dahi Vada,3,1200.0,[Appetizers],[Indian],"[urad dal, moong dal, ginger, green chilies, black pepper, salt, asafoetida, oil, curds, chutney, coriander, chili powder, ground cumin, chaat masala, cilantro leaves, pomegranate seeds]"
Indian-Style-Rice-Simply-Recipes-42541,Indian Style Rice,5,3900.0,[Side Dishes],"[Indian, Asian]","[long-grain rice, water, salt, clove, cardamom pods, cinnamon, vegetable oil, mustard seeds, cumin seed, chili flakes, onions, garlic cloves, tumeric]"
Easy-Mixed-Vegetable-Curry-1317930,Easy Mixed Vegetable Curry,4,2100.0,[Main Dishes],[Indian],"[olive oil, onions, garlic cloves, ginger, serrano peppers, garam masala, ground coriander, ground cumin, tumeric, black pepper, vegetable broth, crushed tomatoes, baking potatoes, cauliflower florets, carrots, fresh green bean, fresh cilantro, basmati rice, salt]"
Eggplant-and-Potato-Curry-1339913,Eggplant and Potato Curry,3,3000.0,[Main Dishes],[Indian],"[oil, cumin seed, asafoetida, garlic, ginger, green chilies, onions, small tomatoes, eggplant, medium potatoes, ground turmeric, chili powder, amchur, garam masala, fenugreek leaves, salt, pepper, cilantro leaves]"
Mango-Lassi-Martha-Stewart,Mango Lassi,4,900.0,[Beverages],[Indian],"[mango, plain yogurt, lime juice, honey, ice cubes]"
Scrambled-Eggs-With-Spice-studded-Rice-1369721,Scrambled Eggs With Spice-studded Rice,3,4800.0,[Breakfast and Brunch],[Indian],"[ghee, shallots, large garlic cloves, green cardamom pods, black peppercorns, clove, fresh curry leaves, black mustard seeds, chili flakes, ground cumin, ground turmeric, basmati rice, salt, medium eggs, feta cheese, lime juice, coriander, spring onions, red pepper, freshly ground black pepper, new potatoes, olive oil, garlic cloves, cumin seed, hot smoked paprika, eggs, cream cheese, sourdough, baby spinach leaves, white bread, unsalted butter, goat cheese, dukkah]"
Rasgulla--Famous-Bengali-Sweet-_-Indian-Sweet-683767,Rasgulla -Famous Bengali Sweet | Indian Sweet,4,600.0,[],[Indian],"[milk, lemon, sugar, cardamon, water, pistachio nuts]"
Indian-Spiced-Beef-Kabobs-1262182,Indian Spiced Beef Kabobs,4,1200.0,[],[Indian],"[beef sirloin, plain yogurt, ginger, garlic cloves, curry powder, garam masala, salt, cayenne]"
Plain-Aloo-Tikki-1087446,Plain Aloo Tikki,4,1800.0,,[Indian],"[potatoes, garam masala, chillies, salt, cumin seed, ginger, fresh coriander]"
Indian-Garbanzo-Beans-_Chole_-1308495,Indian Garbanzo Beans (Chole),4,1800.0,[],[Indian],"[ghee, garbanzo beans, ginger, onions, tomatoes, garlic, tumeric, ground cumin, chili powder, coriander powder, garam masala, cilantro leaves, lemon slices]"
Indian-Cardamom-Lassi-1308481,Indian Cardamom Lassi,4,300.0,[Beverages],[Indian],"[sugar, low-fat plain yogurt, ground cardamom, ice cubes]"
Bhindi-Masala-_North-Indian-Okra-Stir-Fry_-1271032,Bhindi Masala (North Indian Okra Stir-Fry),3,1800.0,[Side Dishes],[Indian],"[canola oil, garlic, chile de arbol, purple onion, okra, garam masala, ground coriander, plum tomatoes, kosher salt]"
Fresh-Mango-Lassi-499342,Fresh Mango Lassi,4,,[Beverages],[Indian],"[low-fat plain yogurt, mango, sugar]"
Naan-_Indian-Flat-Bread_-1308525,Naan (Indian Flat Bread),4,3300.0,[Breads],[Indian],"[baking powder, all-purpose flour, salt, baking soda, plain yogurt, eggs, milk, butter, poppy seeds]"
Easy-Chicken-Tikka-Masala-1362727,Easy Chicken Tikka Masala,4,3600.0,[Main Dishes],[Indian],"[boneless chicken skinless thigh, plain yogurt, lime, cumin, olive oil, onions, garlic, ginger, diced tomatoes, garam masala, paprika, cayenne pepper, salt, pepper, chopped cilantro]"
Chicken-Korma-1061252,Chicken Korma,3,3600.0,[Main Dishes],[Indian],"[boneless skinless chicken breasts, ground black pepper, yoghurt natural low fat, sunflower oil, onions, garlic cloves, fresh ginger root, cardamom pods, ground cumin, ground coriander, ground turmeric, hot chili powder, bay leaf, clove, plain flour, saffron, caster sugar, fine sea salt, double cream, fresh coriander]"
Chettinad-Chicken-curry-recipe-how-to-make-chettinad-chicken-curry-1356784,Chettinad Chicken curry recipe-how to make chettinad chicken curry,4,4800.0,[Main Dishes],[Indian],"[chicken, oil, mustard seeds, curry leaves, onions, garlic paste, clove, cinnamon, cumin seed, fennel, peppercorns, dried red chile peppers, coriander seeds, cashew nuts, yoghurt, salt, ground turmeric, tomatoes]"
Chicken-Jalfrezi-685448,Chicken Jalfrezi,4,1500.0,[Main Dishes],[Indian],"[vegetable oil, green bell pepper, garam masala, boneless chicken thighs, ground cumin, canned chopped tomatoes, ground turmeric, chopped cilantro, onions, mustard seeds, garlic cloves, fresh ginger, red bell pepper, green chile]"
--Naan_-Boiled-rice-1362073,"- Naan,  Boiled rice",4,4800.0,[Main Dishes],[Indian],"[paneer, potatoes, red chili powder, corn flour, garam masala, powdered milk, salt, oil, onions, ginger piece, garlic cloves, tomato purée, cashew nuts, ground turmeric, water, cream, kasuri methi, bay leaf, cinnamon, brown cardamom, green cardamom, mace, clove, cilantro leaves]"
ALOO-JEERA-1222727,ALOO JEERA,4,2100.0,,[Indian],"[baby potatoes, russet potatoes, cumin seed, yoghurt, chili powder, coriander powder, chaat masala, cilantro leaves, salt]"
Dal-Palak-_Spinach-Dal_-1343805,Dal Palak (Spinach Dal),3,2700.0,[Side Dishes],[Indian],"[moong dal, onions, green chilies, garlic paste, lemon juice, garam masala, salt, oil, mustard seeds, cumin seed]"
Warm-Indian-Potato-Salad-1347860,Warm Indian Potato Salad,3,15300.0,,[Indian],"[fingerling potatoes, reduced sodium chicken broth, garlic, salt, ground turmeric, chili powder, ground cumin, ground cinnamon, black pepper, greek yogurt, fresh ginger, fresh cilantro, lime wedges]"
Carrot-Banana-Curry-1354534,Carrot Banana Curry,3,3600.0,[],[Indian],"[carrots, fresh orange juice, salt, water, butter, bananas, raisins, cardamom pods, tumeric, cumin seed, yellow mustard seeds, cayenne pepper, Madras curry powder, corn starch]"
Perfect-Dal-575046,Perfect Dal,3,3600.0,[Main Dishes],[Indian],"[moong dal, garlic, ginger root, tumeric, green chilies, ghee, shallots, cumin seed, mustard seeds, chillies, fresh coriander]"
Indian-Sweet-Bread-Allrecipes,Indian Sweet Bread,4,2400.0,[Breads],[Indian],"[all-purpose flour, salt, water, white sugar, vegetable oil]"
Frizzled-Onions-Allrecipes,Frizzled Onions,4,1800.0,,[Indian],"[onions, vegetable oil, salt]"
Chicken-Makhani-_Indian-Butter-Chicken_-1308446,Chicken Makhani (Indian Butter Chicken),4,3900.0,[Main Dishes],"[Indian, Asian]","[peanut oil, shallots, white onion, butter, lemon juice, garlic paste, garam masala, chili powder, ground cumin, bay leaf, plain yogurt, half & half, tomato purée, cayenne pepper, salt, black pepper, boneless chicken skinless thigh, corn starch, water]"
Indian-Seasoned-Vegetable-Patties-1308582,Indian-Seasoned Vegetable Patties,4,2100.0,[],[Indian],"[whole wheat breadcrumbs, new potatoes, green beans, carrots, garam masala, chili powder, ginger, amchur, salt, vegetable oil, cilantro]"
Hyderabadi-Bagara-Baingan-1354330,Hyderabadi Bagara Baingan,4,4200.0,[],[Indian],"[eggplant, peanut oil, mustard seeds, fenugreek seeds, curry leaves, tamarind pulp, jaggery, ground turmeric, chili powder, salt, masala, onions, ginger, clove, grated coconut, peanuts, sesame seeds, poppy seeds, dried red chile peppers, coriander seeds]"
Perur-Athama_s-Mutton-Kuzhambu-_Curry_-1349991,Perur Athama's Mutton Kuzhambu (Curry),4,3900.0,[Main Dishes],[Indian],"[vegetable oil, curry leaves, shallots, red chili peppers, cinnamon, clove, coriander seeds, cumin seed, fennel seeds, tumeric, poppy seeds, oil, mutton, rock salt, cilantro leaves, garlic, ginger, coconut, coconut milk, cardamom, mustard seeds, urad dal]"
Mathura-ke-Dubki-Wale-Aloo-1332340,Mathura ke Dubki Wale Aloo,4,3600.0,,[Indian],"[mustard oil, heeng, cumin seed, fennel seeds, methi, dried red chile peppers, boiling potatoes, green chilies, ground turmeric, red chili powder, garam masala, salt, maida flour, amchur, fresh coriander]"
West-Indian-Lamb-Curry-1348008,West Indian Lamb Curry,3,5400.0,[Main Dishes],[Indian],"[boneless lamb, curry powder, kosher salt, ground ginger, black pepper, white onion, scallions, garlic cloves, fresh ginger, allspice berries, thyme sprigs, extra-virgin olive oil, potatoes, carrots, pepper, cooked white rice, lime wedges, mango chutney, cilantro leaves]"
Vegetable-Pakora-1074285,Vegetable Pakora,4,1200.0,,[Indian],"[gram flour, onions, potatoes, salt, garam masala, tumeric, chillies, ginger, coriander, fenugreek leaves, cumin seed, chili powder, water, oil]"
Peanut-chicken-curry-296960,Peanut Chicken Curry,4,1500.0,[Main Dishes],[Indian],"[boneless skinless chicken breast halves, I Can't Believe It's Not Butter!® Spread, red bell pepper, onions, curry powder, garlic, yoghurt, skippi natur super chunk peanut butter spread, water]"
Butter-Paneer-_Paneer-Makhani_-1206674,Butter Paneer (Paneer Makhani),4,2400.0,,[Indian],"[cashew nuts, butter, oil, onions, ginger, garlic, green chilies, whole peeled tomatoes, garam masala, ground cumin, red chili powder, fenugreek seeds, sugar, salt, fenugreek leaves, paneer, cilantro]"
Nawabi-Vegetable-Pulao-1352618,Nawabi Vegetable Pulao,3,600.0,[Main Dishes],"[Indian, Asian]","[rice, ghee, oil, florets, carrots, green beans, peas, soya chunks, onions, ginger, garlic, green chilies, bay leaf, clove, cardamom, brown cardamom, peppercorns, cinnamon, cumin seed, tumeric, red chile powder, coriander powder, cashew nuts, raisins, coriander]"
Grilled-Tandoori-Chicken-1319912,Grilled Tandoori Chicken,4,3000.0,[Main Dishes],[Indian],"[plain yogurt, lemon juice, onions, garlic, ginger, garam masala, paprika, cumin, coriander, pepper, salt, chicken]"
Chicken-Tikka-Tacos-1344159,Chicken Tikka Tacos,4,3000.0,[Main Dishes],[Indian],"[masala, chicken, raita, greek yogurt, english cucumber, purple onion, mint, ground cumin, kosher salt, cayenne pepper, chapati, whole wheat flour, vegetable oil, water, ghee, jalapeno chilies, cilantro, lime]"
Strawberry-lassi-357834,Strawberry Lassi,5,600.0,"[Beverages, Lunch and Snacks]",[Indian],"[strawberries, ice cubes, buttermilk, coconut milk, sugar]"
Cauliflower-Fritters-With-Mint-Raita-1354790,Cauliflower Fritters With Mint Raita,4,1800.0,[],[Indian],"[florets, gram flour, ground turmeric, ground coriander, chili powder, water, salt, spring onions, coriander, sunflower oil, cucumber, mint leaves, natural yogurt, pepper]"
Mango-Lassi-490615,Mango Lassi,0,300.0,[Beverages],"[Asian, Indian]","[bananas, mango, plain yogurt, ice, fresh ginger]"
Coconut-Chutney-1343620,Coconut Chutney,4,2100.0,,[Indian],"[dry coconut, green chilies, cumin seed, coriander seeds, tamarind paste, chana dal, mustard seeds, red chili peppers, curry leaves, salt]"
Crockpot-Curry-Chicken-678282,Crockpot Curry Chicken,3,14700.0,[Main Dishes],[Indian],"[skinless chicken breasts, tomato paste, coconut oil, full fat coconut milk, chicken broth, fresh ginger, garlic cloves, green chilies, onions, red bell pepper, garam masala, cumin seed, salt, pepper]"
Indian-Dal-1198526,Indian Dal,3,2700.0,[],[Indian],"[chopped tomatoes, low sodium vegetable broth, red lentils, ginger, jalapeno chilies, fine sea salt, ground turmeric, chopped cilantro fresh, extra-virgin olive oil, garlic, ground cardamom, cumin seed, yellow onion]"
Matar-Paneer-1329597,Matar Paneer,4,2400.0,[Main Dishes],[Indian],"[paneer, onions, tomatoes, ginger, clove, green chilies, cumin seed, coriander powder, ground turmeric, red chili powder, garam masala, peas, salt, fresh coriander]"
Curried-Split-pea-Soup-1324050,Curried Split-pea Soup,3,2400.0,[Soups],[Indian],"[coconut oil, onions, green chilies, garlic cloves, ginger, brown mustard seeds, tomatoes, Madras curry powder, vegetable stock, split peas, shredded coconut, lime juice, bawang goreng, coriander, yoghurt]"
Rajma-Biryani-_Red-Kidney-Beans-Biryani_-1352663,Rajma Biryani (Red Kidney Beans Biryani),3,3300.0,[],[Indian],"[rajma, basmati rice, tomatoes, garam masala, ground cardamom, clove, chili powder, curds, saffron, oil, salt, cumin seed, cilantro leaves]"
Slow-Cooker-Lamb-Rogan-Josh-1339645,Slow Cooker Lamb Rogan Josh,4,3300.0,[Main Dishes],[Indian],"[onions, sunflower oil, lamb neck fillets, garlic, fresh ginger, clove, bay leaves, cinnamon, coriander, tumeric, tomatoes, water, garam masala, salt, yoghurt]"
Keema-_Indian-Style-Ground-Meat_-TravelEater-1,Keema (Indian-Style Ground Meat),5,1500.0,[],[Indian],"[ground lamb, onions, garlic, garam masala, salt, tomato paste, beef broth]"
How-To-Make-The-Everyday-Indian-Flatbread---Roti_Chapati-685451,How To Make The Everyday Indian Flatbread - Roti/Chapati,4,4500.0,[Breads],[Indian],"[atta, water, salt, oil, ghee]"
Mango-iced-tea-304052,Mango Iced Tea,4,300.0,[Beverages],[Indian],"[Lipton Lemon Iced Tea Mix, water, mango]"
Indian-Spicy-Sour-Chickpeas-With-Cauliflower-1349562,Indian Spicy-Sour Chickpeas With Cauliflower,4,3000.0,[Side Dishes],[Indian],"[fresh ginger, lemon juice, vegetable oil, onions, jalapeno chilies, tomatoes, cumin, coriander, tumeric, cardamom, clove, salt, chickpeas, cauliflower florets, cilantro, water]"
Indian-Spiced-Mixed-Nuts-457926,Indian-Spiced Mixed Nuts,5,2400.0,[Appetizers],[Indian],"[salted mixed nuts, unsalted butter, peeled fresh ginger, garam masala, ground cumin, cayenne pepper]"
Bhuna-Qeema-With-Khara-Masala-_Minced-Meat-With-Whole-Spices_-1349568,Bhuna Qeema With Khara Masala (Minced Meat With Whole Spices),4,3300.0,[Main Dishes],[Indian],"[minced beef, onions, garlic cloves, fresh ginger, red chili powder, salt, cumin seed, coriander seeds, cinnamon sticks, peppercorns, black cardamom pods, clove, yoghurt, red chili peppers, cilantro leaves, mint, green chilies]"
Indian-spiced-chickpeas-344730,Indian Spiced Chickpeas,5,2400.0,,[Indian],"[chickpeas, olive oil, curry powder, allspice, ground cloves, cayenne pepper, ground ginger, sea salt, cinnamon]"
Curry-Cauliflower-Rice-and-Quinoa-1341202,Curry Cauliflower Rice and Quinoa,4,1500.0,[Side Dishes],"[Indian, Asian]","[cauliflower, coconut oil, carrots, diced onions, minced garlic, ginger, water, cooked quinoa, frozen peas, curry powder, cardamom, garam masala, tamari soy sauce, sea salt, cracked black pepper, red pepper flakes, chopped cilantro, sliced green onions]"
Curried-Ground-Turkey-with-Potatoes-Simply-Recipes-42499,Curried Ground Turkey with Potatoes,5,3600.0,[Main Dishes],[Indian],"[vegetable oil, meat, chopped onion, garlic cloves, red chili peppers, ginger, water, salt, garam masala, tumeric, cumin, ground coriander, yukon gold potatoes, plum tomatoes, frozen peas, chopped cilantro]"
Indian-Chickpea-Curry-_Garbanzos_-1308449,Indian Chickpea Curry (Garbanzos),4,1500.0,[],[Indian],"[onions, chickpeas, garlic cloves, fresh ginger, salt, curry powder, olive oil, medium tomatoes, water]"
INDIAN-CHOLE-896576,INDIAN CHOLE,4,2100.0,[],[Indian],"[chickpeas, garlic, onions, red bell pepper, diced tomatoes, ginger, coconut milk, cayenne pepper, coriander powder, tumeric, ground cardamom, ground cloves, vegetable oil, garam masala, mustard seeds, salt]"
Indian-butter-chicken-335860,Indian Butter Chicken,5,3600.0,[Main Dishes],[Indian],"[onions, ginger, minced garlic, jalapeno chilies, olive oil, garam masala, chili powder, ground cardamom, ground coriander, tomato paste, chicken broth, heavy cream, bay leaves, boneless skinless chicken breasts, pepper, salt, butter, lime wedges, chopped cilantro, basmati rice]"
DAL-FRY-1338045,DAL FRY,4,2700.0,,[Indian],"[yellow lentils, onions, ginger, green chile, garlic cloves, tomatoes, ground turmeric, chili powder, garam masala, fenugreek leaves, cumin seed, butter, salt, cilantro leaves]"
Mango-Lassi-496877,Mango Lassi,0,3300.0,[Beverages],"[Asian, Indian]","[mango, honey, milk, yoghurt]"
West-Indian-Lamb-Curry-1340193,West Indian Lamb Curry,3,5400.0,[Main Dishes],[Indian],"[boneless lamb, curry powder, kosher salt, ground ginger, black pepper, white onion, scallions, garlic cloves, fresh ginger, allspice berries, thyme sprigs, extra-virgin olive oil, potatoes, carrots, pepper, cooked white rice, lime wedges, mango chutney, cilantro leaves]"
Bengali-Cholar-Dal---Sweet-and-Spicy-Lentils-1351852,Bengali Cholar Dal - Sweet and Spicy Lentils,4,3000.0,[],[Indian],"[chana dal, cream of coconut, ghee, cumin seed, garlic, bay leaves, green chilies, red chili peppers, onions, tumeric, chopped garlic, ginger, garam masala, raisins, salt, sugar]"
South-Indian-Fish-Curry-Recipe-Recipe-for-Fish-Curry-1324335,South Indian Fish Curry Recipe-Recipe for Fish Curry,4,2700.0,[Main Dishes],"[Indian, Asian]","[fish, rice, jeera, fenugreek seeds, chana dal, oil, green chilies, garlic paste, onions, tomatoes, grated coconut, red chili powder, ground turmeric, salt, curry leaves, tamarind pulp, cilantro leaves]"
Indian-Aloo-Gobi-_Potato-and-Cauliflower-Curry_-1308556,Indian Aloo Gobi (Potato and Cauliflower Curry),4,3000.0,[Side Dishes],[Indian],"[cauliflower, medium potatoes, black mustard seeds, oil, fenugreek seeds, cumin seed, onions, dried red chile peppers, ground turmeric, green chile, ground coriander, ground cumin, fresh coriander, salt]"
Coconut-Chutney-511324,Coconut Chutney,5,2100.0,[Condiments and Sauces],[Indian],"[coconut, plain yogurt, vegetable oil, red chili peppers, black mustard seeds]"
Thakkali-Dosa---2_-Tomato-Dosa---2-1339681,"Thakkali Dosa - 2, Tomato Dosa - 2",4,3000.0,,[Indian],"[rice, chopped tomatoes, red chili powder, ground cumin, mustard seeds, cumin seed, black gram, asafoetida, curry leaves, coriander, salt]"
Malvani-Sukha-Mutton-1004652,Malvani Sukha Mutton,3,2700.0,[Main Dishes],[Asian],"[mutton, ground turmeric, asafoetida, ginger paste, garlic paste, onions, garam masala, coconut, red chili peppers, bay leaf, cinnamon sticks, oil]"
Indian-Style-Spicy-Yogurt-Marinade-1123068,Indian-Style Spicy Yogurt Marinade,3,900.0,,[Indian],"[coarse sea salt, ground black pepper, nonfat yogurt plain, extra-virgin olive oil, garam masala, garlic, fresh ginger]"
Cucumber-Raita-1088704,Cucumber Raita,4,300.0,,[Indian],"[cucumber, yoghurt, garam masala, chili powder]"
Crockpot-Butter-Chicken-1328260,Crockpot Butter Chicken,3,2700.0,[Main Dishes],[Indian],"[oil, boneless chicken thighs, onions, garlic, tomato paste, curry powder, curry paste, cayenne, tandoori spices, garam masala, green cardamom pods, coconut milk, plain yogurt, salt, pepper, frozen peas]"
Bread-Uttapam_-South-Indian-Snack-996592,"Bread Uttapam, South Indian Snack",4,900.0,[],[Indian],"[white bread, coarse semolina, all-purpose flour, yoghurt, salt, cumin seed, bell pepper, tomatoes, green chilies, ginger, cilantro, oil]"
Paneer-Makhani-_Indian-Cheese-In-Creamy-Sauce_-1340425,Paneer Makhani (Indian Cheese In Creamy Sauce),4,1500.0,,[Indian],"[garam masala, chili powder, cumin seed, ground turmeric, sugar, salt, butter, paneer, tomatoes, cream, cilantro leaves, onions]"
Indian-Chickpea-Dip-1183257,Indian Chickpea Dip,3,1200.0,[Appetizers],[Indian],"[chickpeas, light sour cream, chutney, yellow mustard, curry powder, salt, chopped cilantro]"
Lamb-Saag-Lamb-and-Spinach-Curry-1332653,Lamb Saag – Lamb and Spinach Curry,4,4200.0,[Main Dishes],[Indian],"[tomatoes, ginger, garlic, bay leaves, cardamom pods, cinnamon sticks, onions, green chilies, lamb, ground coriander, garam masala, frozen spinach, fresh coriander]"
Tandoori-Chicken-Recipe---Grilled-Chicken-With-Spiced-Yogurt-Marinade-1192411,Tandoori Chicken Recipe - Grilled Chicken With Spiced Yogurt Marinade,4,13500.0,[Main Dishes],[Indian],"[chicken, plain yogurt, lemon, chili powder, ground cumin, coriander powder, garlic paste, garam masala, salt, fenugreek leaves, ground cinnamon]"
Zero-Oil-Chicken-Tikka-Masala-1325558,Zero Oil Chicken Tikka Masala,3,6300.0,[Main Dishes],[Indian],"[boneless chicken skinless thigh, yoghurt, garlic paste, ginger paste, ground cumin, chili powder, hot chili powder, coriander powder, ground turmeric, garam masala, salt, tomatoes, onions, clove, green chilies, red chili peppers, cashew nuts, white poppy seeds, bay leaf, cinnamon sticks, cardamom, tomato ketchup, red chili powder, kasuri methi, cream]"
Mint-Chutney-Allrecipes,Mint Chutney,4,600.0,[Condiments and Sauces],[Indian],"[fresh cilantro, fresh mint, chile pepper, salt, onions, tamarind juice, water]"
Indian-Yellow-Dal-678132,Indian Yellow Dal,4,4200.0,,[Indian],"[yellow split peas, water, diced tomatoes, oil, cumin seed, onions, garlic, ground coriander, tumeric, cayenne pepper, salt, butter, cilantro leaves]"
Easy-Indian-Naan-Bread-1322709,Easy Indian Naan Bread,4,11400.0,[Breads],[Indian],"[all-purpose flour, salt, instant yeast, milk, plain greek yogurt, sugar, ground cardamom, ground turmeric, ghee]"
Saag-Aloo-1252256,Saag Aloo,3,1800.0,[Main Dishes],[Indian],"[potatoes, olive oil, onions, garlic cloves, ginger, cumin seed, black mustard seeds, ground cumin, ground coriander, tumeric, garam masala, chili powder, vegetable stock, spinach leaves, red chili peppers, lime]"
Kerala-spiced-peas-308289,Kerala Spiced Peas,5,1200.0,[],[Indian],"[ghee, cumin seed, mustard seeds, coriander, ground cardamom, thai chile, onions, frozen peas, fresh ginger, garlic cloves, salt, pepper, lemon, cilantro]"
Indian-Curried-Poached-Eggs-1308482,Indian Curried Poached Eggs,4,1500.0,[Breakfast and Brunch],[Indian],"[curry powder, ground coriander, ground turmeric, ground cumin, ground pepper, salt, buttered toast, eggs]"
Healthy-Paneer-Makhani-1263105,Healthy Paneer Makhani,3,3600.0,[],[Indian],"[tomatoes, onions, clove, green chilies, red chili peppers, cashew nuts, white poppy seeds, bay leaf, cinnamon sticks, cardamom, oil, butter, tomato ketchup, garam masala, kasuri methi, salt, yoghurt, paneer]"
Punjabi-Chole-Recipe_-Chana-Masala-1321715,"Punjabi Chole Recipe, Chana Masala",4,31200.0,,[Indian],"[kabuli channa, oil, onions, tomatoes, ginger piece, garlic cloves, green chilies, salt, chili powder, ground turmeric, coriander powder, ground cumin, masala, cilantro leaves, cinnamon sticks, bay leaves]"
No-Fry-Indian-Pakoras-601390,No Fry Indian Pakoras,3,1500.0,[Appetizers],[Indian],"[chickpea flour, rice flour, green chilies, ginger, purple onion, oil, asafetida, chopped cilantro, salt, olive oil spray]"
Kara-Kondakadalai-Sundal-_Chickpeas-Masala-Sundal_-1339338,Kara Kondakadalai Sundal (Chickpeas Masala Sundal),3,1800.0,,[Indian],"[chickpeas, salt, red chili peppers, curry leaves, oil, mustard seeds, urad dal, coconut, coriander seeds, black peppercorns]"
Indian-Chicken-Tikka-1308500,Indian Chicken Tikka,4,3900.0,[],[Indian],"[curry powder, boneless chicken skinless thigh, fresh ginger, garlic cloves, lemon juice, tomato paste, ground cumin, ground coriander, yoghurt, paprika]"
Lentil_-Chard-_-Sweet-Potato-Curry-1335071,"Lentil, Chard & Sweet Potato Curry",3,2700.0,[Main Dishes],[Indian],"[onions, garlic cloves, jalapeno chilies, fresh ginger, curry powder, garam masala, tumeric, low sodium vegetable broth, sweet potatoes, yellow lentils, vegan yogurt, lime, swiss chard, black salt, ground black pepper]"
Falafel-600165,Falafel,3,2100.0,[],[Indian],"[chickpeas, onions, fresh parsley, garlic, flour, salt, cumin, ground coriander, black pepper, cayenne pepper, ground cardamom, vegetable oil]"
Aloo-Palak-_Indian-Potatoes-_-Spinach_-1308485,Aloo Palak (Indian Potatoes & Spinach),4,3300.0,[Side Dishes],[Indian],"[garlic, spinach, onions, fresh ginger, waxy potatoes, green chilies, ghee, tumeric, garam masala, cumin seed, ground cumin, ground coriander, salt, cream]"
Grilled-Chicken-Tikka-1291611,Grilled Chicken Tikka,3,6300.0,[Main Dishes],[Indian],"[chicken thigh fillets, garlic paste, garam masala, ground cumin, ground turmeric, plain yogurt, chili powder, cilantro leaves, oil, lemon slices]"
Pineapple-raita-308294,Pineapple Raita,5,1200.0,,[Indian],"[plain whole-milk yogurt, pineapple, cardamom, chili powder, salt, black pepper]"
Ragda-Patties-_-Potato-Patties-with-Spicy-White-Peas-Gravy_-1352681,Ragda Patties ( Potato Patties with Spicy White Peas Gravy),4,3300.0,[],[Indian],"[potatoes, garlic paste, green chilies, ground turmeric, coriander powder, ground cumin, chat masala, garam masala, bread crumbs, salt, peas, onions, tomatoes, cumin seed, chili powder, tamarind pulp, cilantro leaves]"
Pomegranate-Mint-Raita-1271728,Pomegranate Mint Raita,4,1200.0,,[Indian],"[Chobani Yogurt, salt, ground cumin, mint, pomegranate seeds, mint leaves]"
Indian-Spiced-Roasted-Squash-Soup-1370011,Indian-Spiced Roasted Squash Soup,3,3780.0,[Soups],[Indian],"[yellow onion, carrots, garlic cloves, butternut squash, acorn squash, olive oil, black pepper, water, Madras curry powder, garam masala, ground red pepper, lower sodium chicken broth, kosher salt, greek yogurt, honey]"
Chai-_Indian-Tea_-511441,Chai (Indian Tea),4,1500.0,[Beverages],[Indian],"[water, ground cardamom, sugar, ginger root, loose black tea, milk]"
Indian-Saffron-Rice-Allrecipes,Indian Saffron Rice,4,1500.0,[Side Dishes],[Indian],"[saffron, boiling water, butter, long grain white rice, salt]"
Easy-Chicken-Biryani-1252301,Easy Chicken Biryani,3,2100.0,[Main Dishes],[Indian],"[sunflower oil, onions, chicken breasts, lemon juice, garam masala, chili powder, salt, basmati rice, garlic cloves, fresh ginger, chicken stock, fresh coriander]"
Indian-Cabbage-and-Potato-Fry-1308499,Indian Cabbage and Potato Fry,4,2400.0,,[Indian],"[vegetable oil, cabbage, onions, medium potatoes, mustard seeds, cumin seed, coriander powder, ground turmeric, dry coconut, salt, coriander]"
Indian-Chicken-Tikka-Masala-1308441,Indian Chicken Tikka Masala,4,3900.0,[Main Dishes],[Indian],"[boneless skinless chicken, lemon juice, plain yogurt, ground red pepper, ground cumin, cinnamon, black pepper, minced ginger, salt, bamboo shoots, garlic cloves, unsalted butter, jalapeno chilies, ground coriander, garam masala, paprika, tomato sauce, whipping cream, chopped cilantro fresh]"
Mutton-Masala-Recipe-Hyderabadi-1356071,Mutton Masala Recipe Hyderabadi,4,3600.0,[Main Dishes],[Indian],"[mutton, oil, onions, garlic paste, salt, chili powder, ground turmeric, coriander seeds, cumin seed, tomatoes, yoghurt, cilantro leaves, masala, garam masala]"
Red-Lentil-and-Spinach-Masala-1038985,Red Lentil and Spinach Masala,4,2700.0,[Main Dishes],[Indian],"[olive oil, purple onion, garlic cloves, fresh ginger, serrano peppers, ground cumin, garam masala, coriander, diced tomatoes, sea salt, coconut milk, red lentils, baby spinach]"
Indian-Potatoes-with-Mustard-Seeds-_Sookhi-Bhaji_-1308566,Indian Potatoes with Mustard Seeds (Sookhi Bhaji),4,2700.0,[Side Dishes],[Indian],"[onions, chillies, cumin seed, brown mustard seeds, ground coriander, tumeric, medium potatoes, ground cumin, cayenne pepper, chopped cilantro fresh, salt]"
Slow-Cooker-Tikka-Masala-754527,Slow Cooker Tikka Masala,4,22200.0,[Main Dishes],[Indian],"[boneless skinless chicken breasts, onions, garlic, fresh ginger, tomato purée, plain greek yogurt, olive oil, garam masala, cumin, paprika, salt, cinnamon, black pepper, cayenne pepper, bay leaves, half & half, corn starch, rice, chopped cilantro]"
Zucchini-and-tomato-curry-310082,Zucchini and Tomato Curry,5,2400.0,[Main Dishes],[Indian],"[canola oil, brown mustard seeds, cumin seed, onions, zucchini, serrano chile, ground coriander, diced tomatoes in juice, salt]"
Raw-banana-fry-recipe-_-Vazhakkai-fry-1331451,Raw banana fry recipe | Vazhakkai fry,4,2100.0,,[Indian],"[bananas, chili powder, ground turmeric, asafoetida, salt, oil, mustard seeds, urad dal, curry leaves]"
Shami-Kabab-1298936,Shami Kabab,4,3300.0,[],[Asian],"[minced meat, gram flour, oil, onions, garlic paste, ground turmeric, cilantro leaves, mint, garam masala, green chilies, red chili powder, salt, jeera]"
Tandoori-Chicken-1332127,Tandoori Chicken,4,2700.0,[Main Dishes],[Indian],"[chicken legs, yoghurt, ground turmeric, chili powder, coriander powder, ground cumin, garam masala, garlic paste, lemon, salt, food colouring, oil, melted butter, onions, cilantro, chicken]"
Anda-Bhurji-_Spicy-Indian-Scrambled-Eggs_-Serious-Eats-280683,Anda Bhurji (Spicy Indian Scrambled Eggs),5,1800.0,[Breakfast and Brunch],"[Asian, Indian]","[vegetable oil, onions, tomatoes, chile pepper, garlic paste, chile powder, tumeric, eggs, salt, butter, coriander]"
Curried-Cumin-Potatoes-Allrecipes,Curried Cumin Potatoes,4,2100.0,[Side Dishes],[Indian],"[new potatoes, olive oil, cumin seed, ground turmeric, curry powder, sea salt, ground black pepper, chopped cilantro fresh]"
Saffron-Rice-Allrecipes,Saffron Rice,4,3600.0,[Side Dishes],[Indian],"[butter, diced onions, long grain white rice, water, parsley flakes, saffron threads, yellow food coloring]"
Indian-Style-Potatoes-_Khatta-Aloo_-1308563,Indian-Style Potatoes (Khatta Aloo),4,2400.0,,[Indian],"[ground cumin, vegetable oil, cumin seed, caraway seeds, purple onion, ground coriander, hot pepper, garlic, tumeric, fresh ginger, new potatoes, cayenne pepper, chopped fresh mint, fresh coriander, salt, lime juice, black pepper]"
Quinoa-Cauliflower-Biryani_-Vegan-Glutenfree-1354286,Quinoa Cauliflower Biryani. Vegan Glutenfree,4,3900.0,[Main Dishes],[Indian],"[quinoa, green cardamom, brown cardamom, clove, cinnamon sticks, bay leaf, water, salt, oil, purple onion, green chilies, ginger, chopped garlic, cumin seed, cinnamon, garam masala, ground turmeric, red chili powder, cauliflower, cream, apple cider vinegar, fresh peas, raw cashews, raisins, dried cranberries, cilantro leaves, mint leaves, saffron]"
Indian-Classics---Tandoori-Chicken-_Tandoori-Spiced-Chicken-Drumsticks_-1324962,Indian Classics - Tandoori Chicken (Tandoori Spiced Chicken Drumsticks),4,2700.0,[Main Dishes],[Indian],"[chicken drumsticks, oil, plain yogurt, tandoori spices, chili powder, garlic, ginger, garam masala, lemon, salt, lemon slices, chutney, raita]"
Indian-Fish-Coconut-Curry-514086,Indian Fish Coconut Curry,5,2100.0,[Main Dishes],[Indian],"[fish fillets, vegetable oil, onions, fresh ginger, garlic, tomatoes, garam masala, chili powder, salt, ground black pepper, coconut milk, water, chili pepper]"
Red-Cabbage-Zucchini-Chana-Dal-1349842,Red Cabbage Zucchini Chana Dal,3,2100.0,[],[Indian],"[red cabbage, zucchini, bengal gram, oil, onions, garlic, dried red chile peppers, red chili powder, garam masala, tomatoes, mustard seeds, cumin seed, ground turmeric, coriander powder, masala, asafetida, amchur, salt, cilantro leaves]"
Indian-Saffron-Chicken-1308512,Indian Saffron Chicken,4,3000.0,[Main Dishes],[Indian],"[chicken pieces, saffron, onions, ghee, chili pepper, gingerroot, ground cardamom, garlic, salt]"
Aromatic-Beef-Curry-678516,Aromatic Beef Curry,3,1800.0,[Main Dishes],[Indian],"[ghee, braising steak, onions, garlic cloves, ground cumin, ground coriander, ground turmeric, ground black pepper, chili powder, ground ginger, clove, cardamom pods, ground cinnamon, chopped tomatoes, yoghurt, vinegar, salt, sugar]"
Dal-Makhani-1253166,Dal Makhani,4,3900.0,[],[Indian],"[urad dal, red kidney beans, cumin seed, garlic cloves, gingerroot, garam masala, cream, red chili powder, butter, tomatoes, onions, oil, salt]"
Onion-Chutney-756939,Onion Chutney,4,1500.0,[Condiments and Sauces],[Indian],"[oil, cumin seed, mustard seeds, dried chile, onions, chili powder, salt, lemon juice, sugar]"
Mint-Raita-1086396,Mint Raita,4,600.0,,[Indian],"[yoghurt, milk, mint sauce, garam masala]"
Naan-bread-369410,Naan Bread,5,,[Breads],"[Asian, Indian]","[active dry yeast, warm water, white sugar, milk, eggs, salt, bread flour, minced garlic, butter]"
Coconut-Rice-Allrecipes,Coconut Rice,4,2100.0,[Side Dishes],"[Indian, Asian]","[long-grain rice, diced onions, coconut milk, water, fresh ginger root, curry powder, salt]"
Vermicelli-Raita-1358850,Vermicelli Raita,4,1500.0,,[Indian],"[roasted vermicelli, onions, cucumber, tomatoes, green chilies, coriander, pomegranate, ground cumin, paprika, black salt, salt, chaat masala, curds, lemon juice, oil, mustard seeds, curry leaves]"
Vegetable-Tikka-Masala-1350689,Vegetable Tikka Masala,4,3600.0,[Main Dishes],[Indian],"[paneer, bell pepper, onions, baby corn, roasted bell peppers, peeled tomatoes, greek yogurt, minced garlic, minced ginger, mustard oil, kasuri methi, masala, garam masala, tumeric, red chili powder, black salt, cilantro, cooking oil, salt]"
Shami-Kabab-1094859,Shami Kabab,4,3600.0,,"[Indian, Asian]","[mutton, water, bengal gram, green cardamom, cinnamon sticks, red chili powder, salt, ground turmeric, garlic paste, green chilies, black cumin seeds, coriander, oil]"
Indian-Roasted-Red-Lentil-Soup-1308587,Indian Roasted Red Lentil Soup,4,5100.0,[Soups],[Indian],"[ground ginger, black pepper, curry powder, ground cumin, cumin seed, sesame seeds, vegetable oil, black mustard seeds, finely chopped onion, chopped celery, minced garlic, red lentils, water, diced tomatoes, carrots, vegetable broth, salt]"
Squash-_-Red-Lentil-Curry-1310824,Squash & Red Lentil Curry,4,2400.0,[Main Dishes],[Indian],"[canola oil, diced onions, garlic, fresh ginger, curry powder, butternut squash, red lentils, fresh tomatoes, salt, water, lite coconut milk, lime wedges, chopped cilantro fresh]"
Dhal-Makhani-638590,Dhal Makhani,4,2400.0,[],[Indian],"[dhal, rajma, vegetable oil, cumin seed, onions, ginger, garlic cloves, fresh tomatoes, green chilies, ground turmeric, chili powder, coriander seeds, garam masala, fenugreek, salt, butter, cilantro leaves]"
Bengali-Bhetki-Fish-Curry-1315551,Bengali Bhetki Fish Curry,4,2700.0,[Main Dishes],[Indian],"[barramundi, onions, tomatoes, cumin seed, mustard seeds, red chili peppers, cinnamon, cardamom, clove, curry leaves, mustard oil, garam masala, salt, tumeric, ground cumin, coriander powder, sugar, potatoes, cauliflower, yellow onion, large tomato, bay leaf, cardamom pods, garlic paste, red chili powder, water]"
Chicken-Vindaloo-1263965,Chicken Vindaloo,4,6600.0,[Main Dishes],[Indian],"[chicken thighs, diced onions, red chili peppers, garlic, ginger, white wine vinegar, mixed spice, clove, cardamom, cinnamon, peppercorns, cumin, ground turmeric, mustard seeds, diced potatoes, olive oil, salt]"
Pomegranate-Raita-1088672,Pomegranate Raita,4,600.0,,[Indian],"[greek yogurt, cumin, jaggery, pomegranate seeds, cucumber, salt]"
Puli-inji-_-Inji-Puli-_-Inji-Curry-1328360,Puli inji / Inji Puli / Inji Curry,4,2700.0,,[Indian],"[ginger, mustard seeds, curry leaves, ground turmeric, asafoetida, tamarind, warm water, green chilies, jaggery, coconut oil, salt]"
Indian-Spiced-Rice-1308442,Indian Spiced Rice,4,2400.0,[Side Dishes],[Indian],"[long-grain rice, sliced green onions, garlic cloves, butter, garam masala, salt, ground red pepper, water]"
Vegan-Bombay-Potatoes-and-Peas-1318210,Vegan Bombay Potatoes and Peas,4,2700.0,[Main Dishes],[Indian],"[oil, cumin seed, mustard seeds, purple onion, large tomato, garlic, ginger, tumeric, cayenne, ground coriander, ground cumin, garam masala, medium potatoes, salt, water, peas, chopped cilantro]"
Chickpea-Tikka-Masala-1079725,Chickpea Tikka Masala,4,1800.0,[Main Dishes],[Indian],"[extra-virgin olive oil, onions, garlic cloves, garam masala, fresh ginger, jalapeno chilies, chickpeas, diced tomatoes, full fat coconut milk, cilantro leaves, cooked rice, fresh cilantro]"
Indian-Tandoori-Style-Chicken-1308478,Indian Tandoori Style Chicken,4,3900.0,[Main Dishes],[Indian],"[plain yogurt, fresh lime juice, salt, jalapeno chilies, ground coriander, ground turmeric, ground ginger, ground cumin, cayenne pepper, garlic powder, ground cloves, ground cinnamon, vegetable oil, chicken legs]"
Indian-Samosas-1308543,Indian Samosas,4,4500.0,[],[Indian],"[salt, all-purpose flour, cold water, melted butter, vegetable oil, potatoes, onions, mustard seeds, fennel seeds, fresh ginger, ground coriander, ground cumin, green peas, tumeric, water, ground cayenne pepper, garam masala]"
Home-Non-Vegetarian-Keema-Matar-_Minced-Lamb-_-Green-Peas_-1363247,Home » Non-Vegetarian » Keema Matar (Minced Lamb & Green Peas),4,3600.0,[Main Dishes],[Indian],"[oil, bay leaf, cinnamon sticks, brown cardamom, green cardamom, whole cloves, onions, ginger, garlic, green chilies, ground turmeric, red chili powder, salt, coriander powder, ground cumin, tomatoes, minced meat, frozen peas, garam masala, water, cilantro]"
Vegan-Bombay-Potatoes-1219980,Vegan Bombay Potatoes,4,3300.0,[Side Dishes],[Indian],"[new potatoes, ginger root, garlic cloves, tomatoes, olive oil, cumin seed, mustard seeds, green chilies, purple onion, tumeric, ground coriander, garam masala, ground cumin, chili powder, green onions, cilantro leaves]"
Golden-Red-Lentil-Dal-with-Cilantro-Speckled-Basmati-1336377,Golden Red Lentil Dal with Cilantro-Speckled Basmati,4,2400.0,[Main Dishes],[Indian],"[virgin coconut oil, diced onions, garlic cloves, ginger, carrots, curry powder, ground cumin, ground turmeric, red lentils, light coconut milk, low sodium vegetable broth, fine sea salt, baby spinach, basmati rice, fresh cilantro, black pepper, fresh lime juice, green onions, cilantro leaves, seeds, lime juice]"
Thai-Green-Prawn-Curry-1334234,Thai Green Prawn Curry,3,3600.0,[Main Dishes],"[Indian, Asian]","[oil, onions, garlic cloves, fresh ginger, green chilies, ground turmeric, coconut milk, green cardamom pods, clove, curry leaves, cinnamon sticks, fresh coriander, tiger prawn]"
Indian-Aloo-Gobi-1308455,Indian Aloo Gobi,4,3000.0,[],[Indian],"[salt, vegetable oil, garam masala, cauliflower, fresh coriander, green chilies, diced tomatoes, large potatoes, garlic, fresh ginger, cumin seed, tumeric, onions]"
Madhur_s-Chicken-Tikka-Masala-1228650,Madhur's Chicken Tikka Masala,3,4200.0,[Main Dishes],[Indian],"[boneless chicken skinless thigh, salt, lemon juice, ginger root, garlic cloves, ground cumin, paprika, chili powder, whipping cream, garam masala, olive oil, onions, ground coriander, tumeric, yoghurt, medium tomatoes, chicken stock, cilantro leaves]"
Halibut-with-Indian-spices-1078613,Halibut with Indian spices,4,4560.0,[Main Dishes],[Indian],"[cumin seed, coriander seeds, fennel seeds, clove, tumeric, chili powder, halibut fillets, mustard oil]"
Chicken-Xacuti-1321721,Chicken Xacuti,4,3600.0,[Main Dishes],[Indian],"[diced chicken, coconut oil, yellow onion, chicken broth, tamarind, salt, chopped cilantro, coconut, red chili peppers, cumin seed, coriander seeds, black peppercorns, fennel seeds, seeds, poppy seeds, clove, cinnamon sticks, anise, ground turmeric, mace, ground nutmeg, garlic, fresh ginger]"
Pineapple-Lassi-MyRecipes-212248,Pineapple Lassi,4,900.0,[Beverages],[Indian],"[vanilla lowfat yogurt, crushed pineapples in juice, light coconut milk, fresh ginger, ice cubes]"
Mattar-paneer-_-indian-pressed-cheese-with-peas-332027,Mattar Paneer ~ Indian Pressed Cheese with Peas,3,2400.0,[Main Dishes],[Indian],"[paneer, fresh peas, oil, onions, tomatoes, masala, salt, sugar, light cream, ground almonds, water, cilantro, garam masala]"
Restaurant-Style-Matar-Paneer-1351958,Restaurant Style Matar Paneer,4,1800.0,[Main Dishes],[Indian],"[paneer, curds, green peas, tomatoes, onions, ginger, garlic, cumin seed, ground cumin, coriander powder, garam masala, kasuri methi, fenugreek leaves, red chili powder, ground turmeric, sugar, butter, vegetable oil, salt]"
Easy-Chicken-Tikka-Masala-1303404,Easy Chicken Tikka Masala,4,1800.0,[Main Dishes],[Indian],"[brown basmati rice, butter oil, cumin seed, water, salt, chicken breasts, greek yogurt, pepper, olive oil, butter, onions, ginger, garlic, tomatoes, garam masala, cayenne pepper, heavy cream, naan]"
Garam-Masala-Recipe-A-Spicy-Perspective-198375,Roasted Garam Masala,5,1500.0,,"[Asian, Indian]","[coriander seeds, cumin seed, peppercorns, ginger, green cardamom pods, star anise, clove, cinnamon sticks, bay leaves, nutmeg, chiles]"
The-Best-Chicken-Biryani-1308549,The Best Chicken Biryani,4,5400.0,[Main Dishes],[Indian],"[canola oil, meat, ginger paste, diced tomatoes, yoghurt, onions, garlic paste, black cardamom pods, black peppercorns, ground cumin, chili powder, clove, green cardamom pods, curry powder, cinnamon sticks, coriander powder, garam masala, dried plum, green chilies, salt, bay leaves, basmati rice, water, fresh cilantro, saffron]"
Chicken-tikka-masala-368863,Chicken Tikka Masala,5,4800.0,[Main Dishes],[Indian],"[ground cumin, ground coriander, cayenne pepper, table salt, boneless skinless chicken breasts, plain whole-milk yogurt, vegetable oil, garlic cloves, fresh ginger, onions, serrano chile, tomato paste, garam masala, crushed tomatoes, sugar, heavy cream, chopped cilantro fresh]"
Meera-Sodhas-Chicken-Curry-1337694,Meera Sodha’s Chicken Curry,3,3900.0,[Main Dishes],[Indian],"[unsalted butter, neutral oil, cumin seed, cinnamon sticks, yellow onion, ginger, garlic, cayenne pepper, kosher salt, tomatoes, tomato paste, ground cumin, ground turmeric, whole milk yoghurt, meal, boneless chicken skinless thigh, slivered almonds, garam masala, ground cayenne pepper]"
Rice-Cooker-Khichdi-1215646,Rice Cooker Khichdi,4,2100.0,,[Indian],"[rice, channa dal, ghee, salt, tumeric, ground cumin, coriander powder, garam masala, peas, water, red chili powder]"
Healthy-Tandoori-Chicken-Kebab-638133,Healthy Tandoori Chicken Kebab,4,3000.0,[Main Dishes],[Indian],"[chicken breasts, meat tenderizer, cracked black pepper, ginger, low-fat yogurt, tandoori spices, coriander powder, methi, red chili powder, ground turmeric, saffron]"
Aloo-Matar-Dry-Recipe-How-to-make-dry-aloo-matar-1318493,Aloo Matar Dry Recipe-How to make dry aloo matar,4,2700.0,[],[Indian],"[potatoes, green peas, oil, onions, mustard seeds, cumin seed, peanuts, red chili peppers, curry leaf, garlic cloves, ground turmeric, red chili powder, salt]"
Gajar-Halva-_Indian-Carrot-Pudding-Dessert_-1308583,Gajar Halva (Indian Carrot Pudding Dessert),4,3600.0,[Desserts],[Indian],"[half & half, carrots, butter, brown sugar, golden raisins, salt, ground cardamom, unsalted pistachios]"
Indian-Quick-Chicken-Curry-1308440,Indian Quick Chicken Curry,4,2100.0,[Main Dishes],[Indian],"[salt, cayenne pepper, flour, golden raisins, canola oil, boneless skinless chicken breasts, curry powder, onions, chicken broth, nonfat yogurt, tomato paste, chopped cilantro fresh, garlic cloves]"
Masala-Chai-_Hot-Indian-Tea-spiced-with-Cardamom-and-Ginger_-1004584,Masala Chai (Hot Indian Tea spiced with Cardamom and Ginger),4,1200.0,[Beverages],[Indian],"[water, ginger, cardamom seeds, tea leaves, milk, sugar]"
Indian-Spicy-Chai-Tea-1308562,Indian Spicy Chai Tea,4,1800.0,[Beverages],[Indian],"[clove, peppercorns, fennel seeds, cardamom seeds, cinnamon sticks, star anise, licorice root, gingerroot, brown sugar, milk, mineral water, teas]"
HYDERABADI-CHICKEN-BIRYANI---A-CLASSIC-INDIAN-1336633,HYDERABADI CHICKEN BIRYANI - A CLASSIC INDIAN,3,5400.0,[Main Dishes],"[Indian, Asian]","[chicken, meat, yoghurt, rice, oil, garlic paste, coriander powder, cumin seed, garam masala, salt, tumeric, green chilies, mint leaves, cilantro, onions, cayenne, cinnamon, clove, cardamom, rose water, lemon juice, ghee]"
Indian-Channa-Masala-1308487,Indian Channa Masala,4,2100.0,[Main Dishes],[Indian],"[ground coriander, vegetable oil, onions, garlic, ground cayenne pepper, ground cumin, chopped tomatoes, ground turmeric, chickpeas, water, amchur, cumin seed, garam masala, paprika, lemon juice, salt, fresh ginger, green chilies]"
Cucumber-Raita-Allrecipes,Cucumber Raita,4,11700.0,"[Appetizers, Side Dishes, Condiments and Sauces, Salads]","[Mediterranean, Indian, Asian, Kid-Friendly]","[cucumber, greek yogurt, lemon juice, chopped fresh mint, white sugar, kosher salt]"
Indian-Crock-Pot-Chicken-Vindaloo-1308445,Indian Crock Pot Chicken Vindaloo,4,3300.0,[Main Dishes],[Indian],"[garlic cloves, vinegar, curry powder, fresh ginger, ground cardamom, ground cumin, hot pepper, ground cloves, olive oil, mustard seeds, cinnamon sticks, tomato sauce, boneless skinless chicken breast halves, onions, fresh parsley]"
Indian-Mini-Garlic-Naan-1308521,Indian Mini Garlic Naan,4,5100.0,"[Breads, Appetizers]",[Indian],"[sugar, dry yeast, flour, warm water, ghee, salt, garlic cloves, plain yogurt, fresh coriander, chopped parsley]"
Healthy-Paneer-Makhani-1126836,Healthy Paneer Makhani,3,3000.0,[],[Indian],"[tomatoes, onions, garlic cloves, green chilies, red chili peppers, bay leaf, cinnamon sticks, clove, cardamom, oil, butter, tomato ketchup, garam masala, kasuri methi, salt, yoghurt, paneer]"
Mango-lassi-popsicles-353028,Mango Lassi Popsicles,5,3900.0,[Desserts],"[Asian, Indian]","[greek yogurt, mango, sugar, ground cardamom, crystallized ginger, pistachios]"
Healthy-Slow-Cooked-Tikka-Masala-1170311,Healthy Slow Cooked Tikka Masala,4,15600.0,[Main Dishes],[Indian],"[fresh ginger, garlic, crushed tomatoes, unsweetened coconut milk, cumin, garam masala, tumeric, coriander, cardamom, chili powder, boneless skinless chicken breasts, plain greek yogurt, corn starch, salt, cilantro leaves]"
Indian-Egg-Curry-1308568,Indian Egg Curry,4,2100.0,[Main Dishes],[Indian],"[oil, hard-boiled egg, garlic, onions, coriander powder, fresh ginger, chili powder, tumeric, salt, ground cumin, chopped tomatoes, tomato paste, garam masala, water]"
Zucchini-and-Onion-Bhajis-_Indian-Spiced-Zucchini-and-Onion-Fritters-or-Pakoras_-1032277,Zucchini and Onion Bhajis (Indian Spiced Zucchini and Onion Fritters or Pakoras),4,3900.0,,[Indian],"[zucchini, coarse sea salt, onions, flour, baking soda, cumin seed, ground cumin, ground coriander, chili powder, salt, water, oil, fresh cilantro, fresh mint, lemon]"
Healthy-Slow-Cooker-Indian-Butter-Chicken-1082105,Healthy Slow Cooker Indian Butter Chicken,4,22200.0,[Main Dishes],[Indian],"[yellow onion, garlic cloves, garam masala, ginger, chili powder, ground cumin, cayenne pepper, tomato sauce, chicken breasts, nonfat greek yogurt, pepper, salt, cilantro, lime, rice, naan]"
Indian-Mutton-Biryani-Recipe-Recipe-for-mutton-biryani-1257672,Indian Mutton Biryani Recipe-Recipe for mutton biryani,4,5100.0,[Main Dishes],[Indian],"[mutton, basmati rice, oil, onions, green chilies, garlic paste, tomatoes, bay leaf, clove, cinnamon sticks, cardamom, shahi jeera, red chili powder, coriander powder, yoghurt, salt, lemon juice, cilantro leaves, mint leaves]"
BOMBAY-ALOO-1122532,BOMBAY ALOO,4,2400.0,[],[Indian],"[potatoes, purple onion, garlic, vegetable oil, mustard seeds, cumin seed, curry leaves, ground turmeric, salt, paprika, ghee, fresh coriander, lemon, yoghurt]"
Chicken-Dhansak-570076,Chicken Dhansak,3,4200.0,[Main Dishes],[Indian],"[boneless chicken, yellow lentils, onions, ginger, garlic cloves, green chilies, cherry tomatoes, green pepper, olive oil, ghee, tumeric, lemon juice, white sugar, curry paste, chili powder, green cardamom, bay leaves, fresh coriander]"
Quick-and-Easy-Chicken-Biryani-1276767,Quick and Easy Chicken Biryani,4,2700.0,[Main Dishes],[Indian],"[ghee, boneless skinless chicken breasts, yellow onion, jalapeno chilies, ginger paste, garam masala, cumin, tumeric, salt, minced garlic, tomatoes, golden raisins, basmati rice, low sodium chicken broth, cilantro leaves, unsalted almonds, lime]"
Gordon-Ramsays-Tikka-Masala-1308471,Gordon Ramsay’s Tikka Masala,4,2700.0,[Main Dishes],[Indian],"[onions, peanut oil, fresh ginger, green chile, chili powder, garlic cloves, garam masala, tumeric, tomato purée, brown sugar, boneless chicken breast, chopped tomatoes, natural yogurt, curry leaves, fresh coriander]"
Indian-Peas-with-Paneer-Cheese-_Mattar-Paneer_-1308516,Indian Peas with Paneer Cheese (Mattar Paneer),4,2100.0,[],[Indian],"[vegetable oil, cheese cubes, fresh ginger, finely chopped onion, ground coriander, minced garlic, salt, ground cumin, ground cayenne pepper, ground turmeric, water, diced tomatoes, chopped cilantro, frozen peas]"
